Username,Isi komentar,Jumlah like komentar,Waktu komentar
@MrBeast,Feastables is available in every Walmart and Albertsons stores in America! (Coming globally later this year) Wuv u guys #FeastablesPartner,169 rb,2 tahun yang lalu (diedit)
@sacercervantes,we all love karl's mom,202 rb,2 tahun yang lalu
@YouTube,if Mr Beast ever flies on the 500k flight again and needs an extra friend there...i'm free literally every single day 😁,248 rb,2 tahun yang lalu
@Jostig,"Chandler needs more screen time, he’s the best",24 rb,2 tahun yang lalu
@DarthVader-fp2ne,He always comes with better content. RESPECT,21 rb,2 tahun yang lalu
@Jackie1710-r2f,anyone in 2026?,413,1 bulan yang lalu
@Jacorn_IDK,Chandler's current objective:  Survive,7 rb,2 tahun yang lalu
@futcrunch,"flying private and watching ronaldo highlights, life peaked!!!",16 rb,2 tahun yang lalu
@Deerbit9,Who’s here in 2026,96,1 bulan yang lalu
@FrayVolt,"Chandler needs more screen time, we don't see him enough! :)",5 rb,2 tahun yang lalu
@jesandtherest,Chandler is always a vibe ✨️,"3,1 rb",2 tahun yang lalu
@MonicaSodano-v7t,Who in 2026?,1,4 hari yang lalu
@johnnyrod307,It’s awesome how he treats his crew very well. Lucky guys.,"2,6 rb",2 tahun yang lalu
@Kswbud,If chandler leaves mrbeast it will never be the same,912,2 tahun yang lalu
@UnrealEntGaming,"MrBeast Crushing it as always, good job on the entire team behind this",63 rb,2 tahun yang lalu
@LarizardsCharicards,"Nolan is too nice, locked in the bathroom the whole flight by Karl lol and the 1st thing he does when he comes out: puts his arm around Karl.",37,2 minggu yang lalu
@Esthiben,Bring back mrbeast6000 🔥🔥,1 rb,2 tahun yang lalu
@rgenishernandez9636,Chandler needs more screen time! Hes an amazing vibe along next to yours Mrbeast,"1,3 rb",2 tahun yang lalu
@mrdstein7417,9:33 Jimmys got that millionaire rizz,492,2 tahun yang lalu
@doubletapper01,Anyone here in 2026 march😂😂😂,6,4 hari yang lalu
@soundfx7059, @cokerant  noob,17,2 tahun yang lalu
@sebgonz05,Wuv u too,3,2 tahun yang lalu
@hecouldbeanyoneofus1559,Wow,3,2 tahun yang lalu
@ВладимирШпигер,Когда уже будет Мистер Бист Когда уже будет видео там где стоит какая-то вещь миллион ударов,23,1 tahun yang lalu
@Artistic_D3n,really gonna be waiting for Pakistan :D,22,2 tahun yang lalu
@trxmblxy,when is it going to be released in Indonesia?,2,2 tahun yang lalu
@OmarFuentes-ih3kr,mr beas😃,2,2 tahun yang lalu
@Gurpefy,what about canada my guy. Me want beast chocolate ;[,2,2 tahun yang lalu
@robertmcquattie5706,wuv you mrbeast,2,2 tahun yang lalu
@noemi01,Come to Miami 😘,2,2 tahun yang lalu
@sierraking4312,Jimmy my family is two cars down and another car is barely working we could use some help.,2,2 tahun yang lalu
@SUKUNAYT10K,LOVE YOU,2,2 tahun yang lalu
@REALHEMMMMMM,Yayy it’s global,2,2 tahun yang lalu
@Nectrotic_god1,Omg,20,2 tahun yang lalu
@Arf08,"Mr. Beast, do you love Karl's mom?",1,2 tahun yang lalu
@soulsansgamer,lets go,1,2 tahun yang lalu
@MrWolffFF,Waiting for chocolate in Ukraine)),1,2 tahun yang lalu
@sarthakkansal4013,Globally means India also😅😊❤,1,2 tahun yang lalu
@epicstarr2848,❤  your videoes,1,2 tahun yang lalu
@nikeogunyemi7403,Ок,1,2 tahun yang lalu
@Manii0211,hello jimy,1,2 tahun yang lalu
@xoxo__beann,Please let me come,1,2 tahun yang lalu
@neliesucre-bn3jp,❤❤,1,2 tahun yang lalu
@ysanashlagarciafeliz4217,Me llamo Nashla siempre querido conocerte en cual país vives yo quiero estar en una de los rec,1,2 tahun yang lalu
@heczabethrivero2952,Soy tu faaaaaaaaaaaaaaaaaaaan please saludameeeeeeeeeeeeeeeeeeeeeeeeeeeeeeeeeeeeeeeeeeeeeeeeeeeee,1,2 tahun yang lalu
@chantellerich11,The beast this is my nameconnor,1,2 tahun yang lalu
@chantellerich11,Connor.    Mr beast,1,2 tahun yang lalu
@lktmkeuangan5370,Mau,1,2 tahun yang lalu
@lktmkeuangan5370,Mau Coklat,1,2 tahun yang lalu
@RaysseRibeiro-zk8ci,Kkkkkkklķķ,1,2 tahun yang lalu
@Its_me_dwiislyz,😊😊😊😊😊😊😊😊😊😊😊😊😊,1,2 tahun yang lalu
@CharaFragoso,Yo. chorro. Bolarr,1,2 tahun yang lalu
@พี่เบสน้องไบรท์,balls,1,2 tahun yang lalu
@김용필-u9r,세븐틴 조슈아 손오공,1,2 tahun yang lalu
@Mtstudios_zw,Mr Beast can you please buy me a smart screen tv,1,2 tahun yang lalu
@FGFentertainment,wuv u 2 beast :3,1,2 tahun yang lalu
@begai05,Я,1,2 tahun yang lalu
@aizzzy21,YESSSS PLS PHILIPPINES,1,2 tahun yang lalu
@creb56,W,1,2 tahun yang lalu
@JibrelBurdier,​Mrbeast qué está haciendo ya me suscribí a tu canal icar yo no quiero saluda,1,2 tahun yang lalu
@ayelenricci9816,Po        FELIPE,1,2 tahun yang lalu
@adriciamaria5918,😮,1,2 tahun yang lalu
@AxelOrtiz-uo1ih,Mr beast puedes venir en diciembre el 12v a nuevo necaxa puebla juan galindo por 🎉😊favor,1,2 tahun yang lalu
@fwabe_,Here before it hits 500 replies,1,2 tahun yang lalu
@МаксФрай-р2п,А в России выйдет?),1,2 tahun yang lalu
@RailsonRacha,Euteamo❤❤,1,2 tahun yang lalu
@evgenysklyarov6333,Мистер бист а в России есть Feastables?,1,2 tahun yang lalu
@mattraymond2231,W,1,2 tahun yang lalu
@unSERious_DOG,In Russia too?,1,2 tahun yang lalu
@aracellycabrera7076,Esooo,1,2 tahun yang lalu
@gtfdnh,E,1,2 tahun yang lalu
@newowa,500th,1,2 tahun yang lalu
@Judethedude6421,500 th,1,2 tahun yang lalu
@Dirlly-h8d,P,1,2 tahun yang lalu
@BuZzdraws,ok,1,2 tahun yang lalu
@bongpartybongparty6273,😂😂😂😂😂,1,2 tahun yang lalu
@BullahAmmasi-fn3sx,😊😊😊😊😊,1,2 tahun yang lalu
@SabilAhmadsabilbedali,1900000000000000,1,2 tahun yang lalu
@Abdullahalmehraj01,W,1,2 tahun yang lalu
@MamadianDiallo-p3f,Mr Beast ne nous oublie pas 😊😊😢❤,1,2 tahun yang lalu
@baconboi_yt9461,YO,1,2 tahun yang lalu
@Andersongabiel,Anderson,1,2 tahun yang lalu
@yoldashyoldashov1534,Mister! 1mln bana .!!! Sizede Dünyalar.,1,2 tahun yang lalu
@حسيناحمد-ز6س3ر,😂😂😂😂❤❤❤❤2024,1,2 tahun yang lalu
@salmah2855,Nama aku hari ni raikal aku sangat suka cam sorry aku tengok sampai,1,2 tahun yang lalu
@CashandNotnico,W,1,2 tahun yang lalu
@Dikshu123-ip3vr,10:04,1,2 tahun yang lalu
@Silviabarrios-m8o,😂😂😂😂,1,2 tahun yang lalu
@hellbert1438,7/11 in the Philippines please,1,2 tahun yang lalu
@firattas2835,"، Mistibis.,..,.ayar........sen.......filistin li......olsaydın.......işte......bu.......olur",1,2 tahun yang lalu
@Matthew-y4y,Oh my gosh!,1,2 tahun yang lalu
@DARKSILVERTHOR170,Cool 🆒 😎,1,2 tahun yang lalu
@tobypcarreon,Lol,1,2 tahun yang lalu
@nilshoppenjans5130,IN SUB AMD HUGE FANNNNNNN,1,2 tahun yang lalu
@yalyenitquintanadeza9837,Ddimd 3:47,1,1 tahun yang lalu
@ColtGieck-kp6vf,😅,1,1 tahun yang lalu
@TheExperts-w3k,JIMMY YOUR CHOCOLATE IS NOT AVAILABLE IN PAKISTAN EASILY,1,1 tahun yang lalu
@rayyanthetechnicalgamer2775,W,18,2 tahun yang lalu
@Chicken_Nugget-o8r,I got a few,18,2 tahun yang lalu
@uniquerobloxavatar,damn 🤓,16,2 tahun yang lalu
@ajocleda,W,0,2 tahun yang lalu
@Estelles_alt,W,0,2 tahun yang lalu
@fazefatboi7516,Hi,0,2 tahun yang lalu
@Videosandmoremine,Uwuw,0,2 tahun yang lalu
@sintanuriyah1538,Aku nak ikut Boleh dak,0,2 tahun yang lalu
@vanillabear1403,peanut butter jelly time,0,2 tahun yang lalu
@TheDemolisher,"Jimmy's boutta pass up T-Series eventually, and i am so excited",0,2 tahun yang lalu
@Mypfpisabunchoffloppers,W,0,2 tahun yang lalu
@cesarcantucesarcantu2220,Love you mr. Breasts😊😂,0,2 tahun yang lalu
@zabrinagibbons3410,Hi Mr besssssssttt,0,2 tahun yang lalu
@แก๋วววแว๋ววว,แต่ผมคนไทยนะ,0,2 tahun yang lalu
@personwhoiscool7401,i love you mr beast you w man,0,2 tahun yang lalu
@Pargatsingh-md8fi,Hlo sir  🤓,0,2 tahun yang lalu
@darkxfl,W,0,2 tahun yang lalu
@dresdemise,is it comming to taiwan anytime sooner? Im dying to try it.,0,2 tahun yang lalu
@sv7150,239TH,0,2 tahun yang lalu
@ronesdosreisfarias9300,W,0,2 tahun yang lalu
@LittleDamsell,Yay,0,2 tahun yang lalu
@Mr.Jabella,Qq,0,2 tahun yang lalu
@GuadalupePalomares-xk5uj,"Soi,tufan",0,2 tahun yang lalu
@gamingon67,Please give me heart ❤️,0,2 tahun yang lalu
@berandomisme,Please make it kosher.,0,2 tahun yang lalu
@t3vl2, @cokerant  almart,0,2 tahun yang lalu
@xtelracsx0,Hi MrBeast also I LOVE UR CHANNEL I have been watching u for more than 3 years and I'm subscribed Also i love Karl's Mom,0,2 tahun yang lalu
@BranzGG,"PRAY FOR INDONESIA FOOT BALL CLUB,,,, GIVE ME MISTERI BOX BOSS😇😇😇",0,2 tahun yang lalu
@winterfall4910,no,0,2 tahun yang lalu
@f.a_211,Soy nueva suscriptora MrBeast,0,2 tahun yang lalu
@berandomisme,Please make feastables kosher.,0,2 tahun yang lalu
@josuesosa9311,Luv u,0,2 tahun yang lalu
@ashlynfontanos7668,Wuv you too!!!,0,2 tahun yang lalu
@uniquerobloxavatar,dang bro more comment slots,0,2 tahun yang lalu
@Yukithelovely,Hi,0,2 tahun yang lalu
@zyxlio4055,Yo whatsup dad,0,2 tahun yang lalu
@uniquerobloxavatar,dude,0,2 tahun yang lalu
@zyxlio4055, @uniquerobloxavatar  😘,0,2 tahun yang lalu
@argabilegbaatarkhuu3427,Lov,0,2 tahun yang lalu
@HalilKoca-fg1uf,Jimmy help Turkey,0,2 tahun yang lalu
@НикитаПопов-р2к,Sorry Mbeast can you bring you're chocolate in Asia and Africa 😢,0,2 tahun yang lalu
@taufikhidayatulmuqlisin4611,Hi,0,2 tahun yang lalu
@nutellaBr8693,Brazil gets poggers,0,2 tahun yang lalu
@ramennam,"만나고 싶은 미스터 비스트 ,항상 건강하길(I want to meet MrBeast Always be healthy)",0,2 tahun yang lalu
@Kasen-wx3bg,Canada we need,0,2 tahun yang lalu
@رحمه-ه1ز,ً,0,2 tahun yang lalu
@elijahmelnichuk3542,Yo,0,2 tahun yang lalu
@elliotjkw,wuv you too jimmy,0,2 tahun yang lalu
@sebastianaguirre435,Yoo,0,2 tahun yang lalu
@bernardacpal6605,I want to spend my holy week with you guys,0,2 tahun yang lalu
@uniquerobloxavatar,uh oh,0,2 tahun yang lalu
@xd_volts,🎉,0,2 tahun yang lalu
@jeisondiaz6469,Hola,0,2 tahun yang lalu
@Hhhh22222-w,Do one with Trains,0,2 tahun yang lalu
@ghxst.5128,is it coming to china by any chance?,0,2 tahun yang lalu
@iamyour2ndbestfriend,Mr beast W,0,2 tahun yang lalu
@malus36,Daniel give me coffee,0,2 tahun yang lalu
@malus36,Daniel give me coffee,0,2 tahun yang lalu
@donzelbruu,Wuv you too daddy😏,0,2 tahun yang lalu
@malus36,Daniel give me coffee,0,2 tahun yang lalu
@mrcat2256,❤ waiting for feastables in our country ❤,0,2 tahun yang lalu
@gun-mf3yd,"Мистер бист, ты лучший.",0,2 tahun yang lalu
@gun-mf3yd,Ты лучше всех блогеров,0,2 tahun yang lalu
@diamondshark1965,I love Karls mom,0,2 tahun yang lalu
@BBQ_turtle123,wuv u too,0,2 tahun yang lalu
@MRADOG,Slay best YouTuber,0,2 tahun yang lalu
@CuongLe-ki1uh,Hay lắm ạ,0,2 tahun yang lalu
@benplayer5045,i mean i looked in my walmart many times and i didnt see any sooooo idk i think it has something to do with my state being the most unpopluar state called INDIANA,0,2 tahun yang lalu
@Anvi821,Yay😁,0,2 tahun yang lalu
@CoachJus-P,We ya viste las parodias de tu canal q son turbias?,0,2 tahun yang lalu
@futbolcu_38,Who beast Ronaldo messi,0,2 tahun yang lalu
@ianandrian9666,Indonesia watching..,0,2 tahun yang lalu
@Nghtshaded,THANK YOU!!!,0,2 tahun yang lalu
@guesty_decepticon,Omaaaaagaaaaaaaaasd :) 🤩🥳,0,2 tahun yang lalu
@theseavenseas6499,pls sent to uk i wanna try it,0,2 tahun yang lalu
@theseavenseas6499,W,0,2 tahun yang lalu
@ngleeteng705,mrbeast from fortnite,0,2 tahun yang lalu
@ryusahi-dh2qb,Wow,0,2 tahun yang lalu
@le_no_one,Hi,0,2 tahun yang lalu
@wefghgfertyhu,first,0,2 tahun yang lalu
@lenguaentretiene3082,What a good friend,0,2 tahun yang lalu
@janukakhanal-ge7hh,Produce it in nepal,0,2 tahun yang lalu
@vortex_all9055,i wuv yew tew jimmy,0,2 tahun yang lalu
@eliasdeross6339,W,0,2 tahun yang lalu
@antonioanchondo8488,"I know I've bought some shits fire , and the cookies",0,2 tahun yang lalu
@blueyvr7721,I Wuv u too,0,2 tahun yang lalu
@eliasdeross6339,Ww,0,2 tahun yang lalu
@cocooavu2907,W,0,2 tahun yang lalu
@itsrakesh9603,Help me,0,2 tahun yang lalu
@icecream-s3g,Cool,0,2 tahun yang lalu
@wandergamer5505,​ @cokerant  Qqp,0,2 tahun yang lalu
@viviendolaruta,Ven a venezuela san cristobal tachira mrbeast❤,0,2 tahun yang lalu
@recordscuriosity,Jual di Indonesia dong mr. Beast,0,2 tahun yang lalu
@randomdude189,Remember the Viking guy?,0,2 tahun yang lalu
@jadhahahhshss,w,0,2 tahun yang lalu
@jaimemendoza3759,Hey do you have the little Feastables bars at Walmart,0,2 tahun yang lalu
@jaimemendoza3759,Do you have Feastables bars but little ones at Walmart,0,2 tahun yang lalu
@benjaminvance8142,It’s finally at my Walmart! Thank you Jimmy!,0,2 tahun yang lalu
@abderrahmaneserdoune4250,"At least stop waisting monney for non sense things, there is some ppl who can't even find food... ;)",0,2 tahun yang lalu
@corbinemmer5586,and karls mom,0,2 tahun yang lalu
@noemi01,Come to Miami,0,2 tahun yang lalu
@quantum1278,Mr beast I was the first to comment. Are u proud?,0,2 tahun yang lalu
@andupyar5097,lezgooo,0,2 tahun yang lalu
@qarenfarkhaofficial,Amazingg 🎉,0,2 tahun yang lalu
@benzinoelope6155,We want it in india,0,2 tahun yang lalu
@mushroomprincess1709,Can I use ziprecruiter to be mr beasts kid?,0,2 tahun yang lalu
@noemi01,@MrBeast come to Miami please,0,2 tahun yang lalu
@아또실책-2,Yeah,0,2 tahun yang lalu
@lucasrawashdeh4457,what about australia?,0,2 tahun yang lalu
@jaimemendoza3759,W,0,2 tahun yang lalu
@realrandomperson832,early,0,2 tahun yang lalu
@dogday9898,What about deez nutz,0,2 tahun yang lalu
@hlunchhungihluni6796,Mr beast can you sale feastables to India,0,2 tahun yang lalu
@austinb.4230,I’ll give you $20 for the blimp,0,2 tahun yang lalu
@ConstipationOverload,W,0,2 tahun yang lalu
@elvinzs,Z,0,2 tahun yang lalu
@ToddEnergyaquaticcenter,ship some to new zealand,0,2 tahun yang lalu
@rayyanthetechnicalgamer2775,W,0,2 tahun yang lalu
@kiskir,Hello 😀😀,0,2 tahun yang lalu
@Jclipse3rd,I never had a feastable but I always wanted one,0,2 tahun yang lalu
@AlexanderTheCoolGuy,you too,0,2 tahun yang lalu
@Iloveislam786-ali,P,0,2 tahun yang lalu
@lele0316-j4y,3s2o19😅😅❤,0,2 tahun yang lalu
@محمدنشيلي-ن5ي,❤❤❤❤❤❤❤🎉🎉🎉🎉🎉🎉😂😂😂😂😂😢😢😢😢😢😮😮😮😮😮😅😅😅😅😅😊😊😊😊😊😊😊😊😊😊😊,0,2 tahun yang lalu
@cristinarivera8707,​ @cokerant ❤❤❤❤❤❤❤❤❤❤❤❤❤❤❤❤❤❤❤❤❤❤❤❤❤❤,0,2 tahun yang lalu (diedit)
@Колиндругмиха,Уоокгкшк,0,2 tahun yang lalu
@bumpyandsmoothie,😡😡😡😡😡😡😡😡😡😡😡😡😡🤬🤬🤬👿👿👿👿👿😡😡👿😡👿😡👿😡👿😡😡👿😡👿😡👿😡👿😡👿😡😡👿😡👿😡👿😡👿😡👿😡👿😡👿,0,2 tahun yang lalu
@Rina.2511,P,0,2 tahun yang lalu
@han3320,0:27,0,2 tahun yang lalu
@semeinyi_podkast,😂😂😂😂😂,0,2 tahun yang lalu
@malekmahmoudmahfouz,Mr beast,0,2 tahun yang lalu
@Sammy-1fan,Me encanta,0,2 tahun yang lalu
@شعلتالنارالملتهبة,😢😢😢😢,0,2 tahun yang lalu
@nuratshittu3617,Mr beast pls come to Nigeria,0,2 tahun yang lalu
@rafabelluzzo9813,❤❤❤❤❤,0,2 tahun yang lalu
@maitreetraiwong766,❤🎉ย่ออีน,0,2 tahun yang lalu
@Policepublic369,Now You are God ❤❤❤❤,0,2 tahun yang lalu
@MariadelcarmenOlverahernandez,Oye mi de vista de que no compiten más carreras con ellos anales de voy a 10 billones para que me,0,2 tahun yang lalu
@mauricioruiz4776,We Want Feastables in México  🇲🇽,0,2 tahun yang lalu
@javierpalenciachacon2551,Iito,0,2 tahun yang lalu
@Charm360,Japan please😢,0,2 tahun yang lalu
@momalmota8485,❤,0,2 tahun yang lalu
@brayanmateus8994,Osod o que eu não etele😮,0,2 tahun yang lalu
@yuri-ul9qv,I'ove you,0,2 tahun yang lalu
@carlosalbertomoralesalvare3180,Hola,0,2 tahun yang lalu
@Jesus_is_king1234,Jesus is king,0,2 tahun yang lalu
@alkahfi7057,NO WA,0,2 tahun yang lalu
@MuhamMed-w5j,J,0,2 tahun yang lalu
@iseminegadjy9508,❤❤❤❤❤❤❤❤❤❤❤❤❤❤🎉🎉😊😊😊😊❤❤❤❤❤❤❤,0,2 tahun yang lalu
@diegodavidsandovalvillalob7433,Oye,0,2 tahun yang lalu
@laisinhaiaalves1797,Livia,0,2 tahun yang lalu
@neatstuff-r1h,❤,0,2 tahun yang lalu
@ЛарисаСелезнева-т2е,❤❤❤❤❤❤❤❤❤❤❤ Я не знаю что,0,2 tahun yang lalu
@ElyrikThoren,"VOY A COMER CHOCOLATE DE MR BEAST, Vivo en Peru",0,2 tahun yang lalu
@e-quiel2388,Lleva a mi hijo a disney world  Lo harias tan feliz a mi jaja,0,2 tahun yang lalu
@Fgug-wz5in,Play happy music,0,2 tahun yang lalu
@alessandraamorim3736,Dar para comprar seu chocolate  em outro países,0,2 tahun yang lalu
@mariacampusano4267,MisterBI.  ven a República Dominicana 🇩🇴,0,2 tahun yang lalu
@Kayseny,Aight bet,0,2 tahun yang lalu
@JoMama-ep7rx,W,0,2 tahun yang lalu
@JoMama-ep7rx,W,0,2 tahun yang lalu
@JoMama-ep7rx,W,0,2 tahun yang lalu
@JoMama-ep7rx,W,0,2 tahun yang lalu
@JoMama-ep7rx,W,0,2 tahun yang lalu
@JoMama-ep7rx,W,0,2 tahun yang lalu
@JoMama-ep7rx,W,0,2 tahun yang lalu
@JoMama-ep7rx,W,0,2 tahun yang lalu
@dayanalizethvalenzuela4384,XD,0,2 tahun yang lalu
@Aqwerfds-k5k,It's getting more and more amazing!,0,2 tahun yang lalu
@Samraptor,Hahah,0,2 tahun yang lalu
@CattleyaCardona,0:44,0,2 tahun yang lalu
@тхамоковасафия,Safa,0,2 tahun yang lalu
@felixyDavid,Hola mi niño,0,2 tahun yang lalu
@mdnayeem-yt7ok,Love you 🥰🥰🥰❤❤❤❤❤❤❤❤❤❤❤❤❤❤❤❤❤❤❤❤❤❤❤❤❤❤❤❤❤❤❤❤❤,0,2 tahun yang lalu
@nelkysvagelskygontrand,Sauf je ne pas dans le siege,0,2 tahun yang lalu
@Tomi.7000,Rosita e Sta s,0,2 tahun yang lalu
@luzesthervargas5550,Hola,0,2 tahun yang lalu
@Ashraful147,Wow Amazing 😮,0,2 tahun yang lalu
@АмурТасоев,❤❤❤❤❤❤❤🎉🎉🎉🎉😅😅😊😊😊😊,0,2 tahun yang lalu
@zalapao5bath,Mr beast can you give me chocolate,0,2 tahun yang lalu
@Kkemalist,Come to Turkey,0,2 tahun yang lalu
@hifiinjamulhifiinjamul,Urgentlyrequire,0,2 tahun yang lalu
@imari-lifestyle,あミスタービーストさんのちょっとした動画日本人なんですよ,0,2 tahun yang lalu
@Rajameldi5245,Mere ko vahan per khelne aana hai 4:00,0,2 tahun yang lalu
@phenomenalgoods5522,Get it to Mauritius pls,0,2 tahun yang lalu
@МатвейРябов-ь9у,Ты не прочитаешь этот комент ты топ,0,2 tahun yang lalu
@daianaelizabethfernandez97,Hola mister bils,0,2 tahun yang lalu
@mariaalejandrarojasrios5823,te  amo  misterbis    de   salome,0,2 tahun yang lalu
@Cat_921,"Сделайте это в России… из-за перевозок доставками нам приходится переплачивать, люди вас любят!! Вы сможете заработать",0,2 tahun yang lalu
@MatthewF-yu7vf,How do you get feastables at Australia 🇦🇺,0,2 tahun yang lalu
@محمدانس-ب1ص,بد شغل,0,2 tahun yang lalu
@SusmitaSuchi1,Help me,0,2 tahun yang lalu
@MathiasVasquez-cx8so,Hola Mr Best eres mi yutuber faborito co amor Mathias❤❤,0,2 tahun yang lalu
@crackedc0de242,feast,0,2 tahun yang lalu
@Thecrazysisters197,And tesco,0,2 tahun yang lalu
@Faith-p4q,❤😂🎉😢😮😅😊,0,2 tahun yang lalu
@YoBonnieTD,Over the limit?,0,2 tahun yang lalu
@Pizzashorts,W,0,2 tahun yang lalu
@EmirValles,Mr Mr Beanrbeast 🇪🇸,0,2 tahun yang lalu
@antoniovilchez1798,Respuestas,0,2 tahun yang lalu
@antoniovilchez1798,😢🎉😂❤,0,2 tahun yang lalu
@عمادحاتم-ض5خ,in Yemen,0,2 tahun yang lalu
@ЕленаКалинина-щ6й,ХщщХг не командир я сложил,0,2 tahun yang lalu
@gameingrifatraj311,Help me😢,0,2 tahun yang lalu
@arturobahenaorozco7910,Yo ya me suscribi,0,2 tahun yang lalu
@junirogomez6295,🤯😘🥰😍🐶🐱🐶🐶🐶🐱🐱🐱,0,2 tahun yang lalu
@DududuDorla,Roblox wh ❤❤❤❤😢,0,2 tahun yang lalu
@yayahyazid594,Aku miskin,0,2 tahun yang lalu
@JoshuaSilva-bq7wi,❤❤❤❤❤❤❤😊😊😊😊😊😊😊😊o,0,2 tahun yang lalu
@Amanda01macena,Maria Isabely Almeida Silva Oi,0,2 tahun yang lalu
@Laziest_log,Furry,0,2 tahun yang lalu
@tastethebest3823,Uow,0,2 tahun yang lalu
@BenjaminPatten-e2c,Already had it,0,2 tahun yang lalu
@GianCarrizo-y5d,😮😮😮😮,0,2 tahun yang lalu
@edwinfloresccana6821,U,0,2 tahun yang lalu
@Gabriel_Cv10,luan,0,2 tahun yang lalu
@dipakvlog9099,Main aapka bahut bada fan hun sar❤❤❤❤,0,2 tahun yang lalu
@Atuluciha,🎉😢🎉😢,0,2 tahun yang lalu
@StarBack2.0,Yes 👍,0,2 tahun yang lalu
@Пионер-и1и,Апап,0,2 tahun yang lalu
@IWELLEATYOMOM,MR BREASTTT,0,2 tahun yang lalu
@vsgamers1813,Ha,0,2 tahun yang lalu
@afre2192,انا متحمس ان اجرب فاستبل خاصتك ❤😊,0,2 tahun yang lalu
@Ujjal-xg7kn,Bla,0,2 tahun yang lalu
@AbrahamCordoba-ed1rm,Maisneiami emili,0,2 tahun yang lalu
@DiegoArias-e1t,Mr Beams,0,2 tahun yang lalu
@ShirelParedes,No entiendo nada solo en spanish,0,2 tahun yang lalu
@Mr_mahir_gaming,8:52,0,2 tahun yang lalu
@Ayafamilly1234,Waw manificc,0,2 tahun yang lalu
@City-xf5im,Free Palestine,0,2 tahun yang lalu
@user-Dulara...,😅,0,2 tahun yang lalu
@rosanasalazar3365,Yo quiero probar uno de tus barras de 🍫 vivo en chimbote Perú  y aquí no hay,0,2 tahun yang lalu
@Idjeks,OLÁ friends🫶 nunca vou de esquecer só Não me apontona 🤧,0,2 tahun yang lalu
@salmah2855,🇲🇾🇸🇦🇯🇴🤲👍,0,2 tahun yang lalu
@salmah2855,Aku pernah suka makan piston tu,0,2 tahun yang lalu
@mohamedosama2506,مرحبن مستربيس  نرد المسعدانحن فقرن,0,2 tahun yang lalu
@nikobluesayala2093,Me encanta como ven. Cr7😂😂,0,2 tahun yang lalu
@AbrahamAlexi-di5ip,apa artinya bang beast :v,0,2 tahun yang lalu
@francygarces,EFMA😂🎉❤😢😮😅😊,0,2 tahun yang lalu
@sueruiz236,Mr beast,0,2 tahun yang lalu
@CU153D_VR,Noice,0,2 tahun yang lalu
@Qwerty17438,оортоо,0,2 tahun yang lalu
@Bo7mody7,lol,0,2 tahun yang lalu
@عليالمالكي-ج5ز,😢❤🎉😂😮😅,0,2 tahun yang lalu
@Fachrul37,$1.              $1.000.              $10.000.               $25.000.             $100.000,0,2 tahun yang lalu
@유지선-f7o,ㅋㅋ,0,2 tahun yang lalu
@ubaldinogonzalez6584,gui fisopo,0,2 tahun yang lalu
@MirejuegosRoblox,Me siento NOOB :(,0,2 tahun yang lalu
@ДилнозаКаримова-ъ4л,🤑🤑🤑😝😒,0,2 tahun yang lalu
@SahinaSahinabano-ui9hy,9:16,0,2 tahun yang lalu
@teresabrualla6599,Sois      jorge uson ❤❤❤😍😍😍😍😍😍😍mi,0,2 tahun yang lalu
@SomeoneWhoMakesChromeMusicLab,2:35,0,2 tahun yang lalu
@beckerortiz4842,5 noviembre soy fabio 🇨🇱,0,2 tahun yang lalu
@loveryomama4492,あ田山様,0,2 tahun yang lalu
@USisthebestcountryintheworld,Yes,0,2 tahun yang lalu
@cyntiademorais117,Soy ti fans❤🎉🙇,0,2 tahun yang lalu
@emelkaracam4245,Nasıl bu kadar zengin olabiliyorsun sen de hava arıyorum hastayım biraz para gönderebilir misin kamerayı direnişin,0,2 tahun yang lalu
@preciousbhusal2871,You never invite me😢,0,2 tahun yang lalu
@elenaveloz7365,Hola 😗😂❤,0,2 tahun yang lalu
@litofv1,618 replies is crazy,0,2 tahun yang lalu
@user-mu5vd8mu7,9:16,0,2 tahun yang lalu
@Николай-л2ф4ч,❤😅😊😢🎉😂❤😊,0,2 tahun yang lalu
@RIYAD_CARTOON,Mr beast coming to Bangladesh,0,2 tahun yang lalu
@mohamedradio3572,You are Mr Beast,0,2 tahun yang lalu
@mohamedradio3572,Hello Mr beast my name is my name is Hamza,0,2 tahun yang lalu
@IykeGentle-zt3ft,ok,0,2 tahun yang lalu
@wrenoonabeno,631st,0,2 tahun yang lalu
@IsabelMoreno-jc5kr,50000000000000,0,2 tahun yang lalu
@int3lli,ITS AT STEW LEONARDS NOW,0,2 tahun yang lalu
@Amandeep-gb8gi,Help me,0,2 tahun yang lalu
@Ytrmka,Ben türküm ve hep seni görmek isterdim  keşke türkiyede olsan 😢😢😢,0,2 tahun yang lalu
@slaibowitz,Yes,0,2 tahun yang lalu
@Jake-u4y6y,"Carl's mom, we all love Carl's mom",0,2 tahun yang lalu
@กวินธรทานะวัน,มิสเตอร์บีนของเล่นที่สุดในโลก ครับ,0,2 tahun yang lalu
@กวินธรทานะวัน,❤❤❤❤❤😂😮😊,0,2 tahun yang lalu
@aguywholikesgeography,MR BEAASSST,0,2 tahun yang lalu
@nirupamakanda3006,Get it to England 😢,0,2 tahun yang lalu
@Thedamaged_CarYt,W,0,2 tahun yang lalu
@VoidsVoider,MISTORBEAST,0,2 tahun yang lalu
@Quakyyyyyy,Je voyage tout le temps en première classe😊,0,2 tahun yang lalu
@williamboyes7132,😢)j,0,2 tahun yang lalu
@SamiyaAkther-gw9jo,1:16 😢😢😢😢,0,2 tahun yang lalu
@rociosanchezbazaez1156,Mitre una Pollera tuya Encantada y Quiero viajar al diálogo con la polera de estudio y una niña de Pocoyó que estaba con la película,0,2 tahun yang lalu
@Dreamsmp1,didn't you already post this,0,2 tahun yang lalu
@MayraAlejandraCastañeda-n1q,Ojalá llegue a colombia😢,0,2 tahun yang lalu
@MuhammedAlikahan,People col me,0,2 tahun yang lalu
@LicethPolo-ud4pf,❤❤😊😊😊😊😊😊😊Salome❤❤❤❤😂❤❤❤❤,0,2 tahun yang lalu
@jamiemcgill9889,Yes Mr.beast or Jimmy,0,2 tahun yang lalu
@pfsnon-profit-qd9ke,😱😱😱😱😱😱😱😱😱😱❤❤❤❤❤❤❤,0,2 tahun yang lalu
@екатеринаежова-ц9ж,Класс😮♥️💋😎🙈🤷💃😜💪💞🌹😊,0,2 tahun yang lalu
@zlobinaket5932,Я тебе обещал скину адрес мы живём в поищи всё приезжать в двух и тож доме,0,2 tahun yang lalu
@RamziAbd-on6jt,صباح الخير 😅لبنات تعيشو على خير و الله كل خير و و خير و الله كل خير و و خير,0,2 tahun yang lalu
@vaniamonasteriobauer1055,Hola Jimi soi Cristian,0,2 tahun yang lalu
@erchenkooleg2275,😂😂😂😂😂😂😂😂😂😂😂😂,0,2 tahun yang lalu
@angelineortega7583,Yo quiero ir a Disney 😢😢😢😢😢😢❤❤❤❤❤❤,0,2 tahun yang lalu
@USisthebestcountryintheworld,No way,0,2 tahun yang lalu
@Ferpardo123,Get in mexico,0,2 tahun yang lalu
@cinthyacarolinadiazescalan920,Hola,0,2 tahun yang lalu
@orlandofunez1224,1$ su 50000000,0,2 tahun yang lalu
@زينطعمة-ر8ض,فيديوهات تيديات🎉❤,0,2 tahun yang lalu
@nisanatc2547,Satılık taksi mersin,0,2 tahun yang lalu
@DirectedByIB,Oui,0,2 tahun yang lalu
@junjunnohtv9243,Hope you will visit Philippines someday😊,0,2 tahun yang lalu
@HasnaYanah,0:28,0,2 tahun yang lalu
@tamir-z6q,Little,0,2 tahun yang lalu
@marciadorneles2079,Io,0,2 tahun yang lalu
@Minhtv102,Tôi muốn tham gia mà không đủ tiền đóng phí,0,2 tahun yang lalu
@nohort,MR BİST 🇹🇷🇹🇷,0,2 tahun yang lalu
@aurarobles3463,Mi primer hijo ojalá que,0,2 tahun yang lalu
@mitalsoni5052,Come to Australia,0,2 tahun yang lalu
@MananNan-lm4oh,12:20 misterbis aku uda supcrbe1,0,2 tahun yang lalu
@water_plus_lavasourceblock,Ayo 688 comments??,0,2 tahun yang lalu
@aliolmedo6523,Ghi😊,0,2 tahun yang lalu
@aliolmedo6523,Te hf😂🎉😊😊😊😊😊😊😅😅😮 Ed no se te t te 😅,0,2 tahun yang lalu
@souley..2,Ok,0,2 tahun yang lalu
@bolaostarthongmanivong2496,❤❤❤❤😢lmHogfar😊,0,2 tahun yang lalu
@robertoabelschreiberlopez129,❤😂🎉😢😮😊😅,0,2 tahun yang lalu
@ThiagoVILELA-nc6ck,Olamistervin,0,2 tahun yang lalu
@rohan7761,OK,0,2 tahun yang lalu
@rossanapavez5218,yimi tenido que belgas ala casa 3040,0,2 tahun yang lalu
@АнастасияРепина-е3ж,Мистер бист ужасный человек,0,2 tahun yang lalu
@hoaiang7484,❤❤❤❤❤❤❤❤❤❤❤❤❤❤❤❤❤❤❤❤❤❤❤❤😊,0,2 tahun yang lalu
@bossbosa4333,😂😂😂,0,2 tahun yang lalu
@isabelhernandez7804,Me siento muy feliz día de love ❤❤❤❤❤❤❤❤❤❤❤❤🥰😘😘😘😘😘😘😘,0,2 tahun yang lalu
@KZ_RIKO,Mr beast go Kazakhstan please,0,2 tahun yang lalu
@ArandompersonXDD, NohemyIngenieria  LAST COMMENT,0,2 tahun yang lalu (diedit)
@Leo-rk1gf,W,0,2 tahun yang lalu
@rjhrhnt,🎉🎉🎉😢😢😢😢😢😮😮😅😅😅😅😅😅😅😅😅😅,0,2 tahun yang lalu
@junnazliahilwamohdali278,😂,0,2 tahun yang lalu
@gunaydinramadan3792,😅😅,0,2 tahun yang lalu
@tortik-m8z,😂,0,2 tahun yang lalu
@Kanika1997,ฉันขอสมัครงานกับคุณได้ไหมค่ะ,0,2 tahun yang lalu
@Palima_games-m3f,Даже в Russia ?,0,2 tahun yang lalu
@TBM_pjmonkevr7295,Ok,0,2 tahun yang lalu
@lfdgaming4170,9:27,0,2 tahun yang lalu
@lfdgaming4170,Money,0,2 tahun yang lalu
@radherk7133,Mr best pleas mujha apki festa ble chaiye ha please,0,2 tahun yang lalu
@danfriden5064,😎😎😐🙄,0,2 tahun yang lalu
@Notpriyasplace2015,Wow,0,2 tahun yang lalu
@gloribel6093,Hola soy una niña me das dinero,0,2 tahun yang lalu
@yoldashyoldashov1534,Mister?,0,2 tahun yang lalu
@Shorovfoodvlog,সত্যি কথা বলতে খুবই অসাধারণ একটি ভিডিও আমার খুব ভালো লেগেছে আমি আপনাকে সাপোর্ট করলাম এগিয়ে যাও আমি বাংলাদেশ থেকে দেখছি ❤❤🇧🇩,0,1 tahun yang lalu
@AbisagJimenez-ee1jh,Ola mistrbis,0,1 tahun yang lalu
@its-aayan184,I m in Pakistan 😢😢,0,1 tahun yang lalu
@maelisskate1255,How about europe?,0,1 tahun yang lalu
@อําพรสิงห์ครุ,😊😊😊😊😊😊😊😊😊😊😊,0,1 tahun yang lalu
@AjubDuniamahedi-wv3tp,Mr.beast i am Bangladeshi your feastables chocolat is no coming bangladiesh but  you first delivery  feastables chocolat  in bangldash Please. My nemesis md mahedi,0,1 tahun yang lalu
@LilianaGuapiG,❤ Dice mi jacobo que le envié un regalo quiere una ps5. Gracias.,0,1 tahun yang lalu
@susanasaldivarserrano2217,Loooooooo,0,1 tahun yang lalu
@cumicaung9811,5000$yagn.  Terbapik,0,1 tahun yang lalu
@karanlik_oyuncu-h3l,Türkiyede yasıyorum,0,1 tahun yang lalu
@MarcoLopez-bu5cv,0:29,0,1 tahun yang lalu
@KenzoFinnleyciu,W bruh,0,1 tahun yang lalu
@AndreasGandung,Aku mau coklat aku suka coklat alamat ku kudus getas pejaten jati kudus,0,1 tahun yang lalu
@lucytorres4616,Oye Mercedes me puedes regalar lobos en roblox 💵,0,1 tahun yang lalu
@mjnhetofrancisco7554,I want feastables,0,1 tahun yang lalu
@ابومبروكالعولقي,يا جيمي أرجأ أن تعطيني 1000 الف دولار,0,1 tahun yang lalu
@ClarisMunga,Are there feastables in Kenya,0,1 tahun yang lalu
@SofiaPranksnice,😅😅😅,0,1 tahun yang lalu
@Chungvlog2026,tôi có 1 ý tưởng muốn bạn làm video,0,1 tahun yang lalu
@MdDidar-j5p,9:16 9:17 9:18 9:19,0,1 tahun yang lalu
@nusukfoundation2784,what bout england😊,0,1 tahun yang lalu
@ximenarodriguez5998,llo mistervis ❤❤❤❤❤❤❤❤❤❤❤❤❤❤❤❤❤❤❤❤❤❤❤❤❤❤❤❤❤❤❤❤❤,0,1 tahun yang lalu
@احمداحمد-ك3ر7ح,هل متوفرة في إدلب,0,1 tahun yang lalu
@moniquetregent9650,W,0,1 tahun yang lalu
@CarlSilva-h2i,Wuv u tu,0,1 tahun yang lalu
@Worldofwonnders,I love feastables🤩😋😋❤,0,1 tahun yang lalu
@paulamesias7747,Ya están llegando a chile los feastables,0,1 tahun yang lalu
@alfieplays3043,Don’t tell me they have caffeine pls,0,1 tahun yang lalu
@nometerpedzai596,:medal-yellow-first-red::medal-yellow-first-red::medal-yellow-first-red:,0,1 tahun yang lalu
@MyriamTraore-dj3hm,Love You,0,1 tahun yang lalu
@wesdeycosta6349,Minha filhinha de 6 anos amou seu canal pq vc ajuda muitas pessoas parabéns...me dá mil dólares ela  aceita desafios leves...na verdade difícil kk,0,1 tahun yang lalu
@landwirtschaftimjahresverl4898,Scheise,0,1 tahun yang lalu
@harvest-1212,oh,0,1 tahun yang lalu
@yunusrorafuy6048,Aku mah ikut naik pesawat itu  Karna aku udah follow 🙏,0,1 tahun yang lalu
@MDHabib-py8oz,halo mistarbis imhom calang136bai,0,1 tahun yang lalu
@misslulu1279,Yay,0,1 tahun yang lalu
@DEEZERNUTZER,pop,0,1 tahun yang lalu
@KenzieMahardika-r6w,999'999,0,1 tahun yang lalu
@dayana121190,Hola mrbeast cómo estás yo estoy muy bien sé que no me conoces pero tranquilo que yo me llamo Dagne❤❤❤❤❤❤❤❤❤❤❤🎉,0,1 tahun yang lalu
@superjunior321-u1s,Kissimmee Florida😂,0,1 tahun yang lalu
@AbWa-x6u,❤❤🎉🎉😊😊😮😮زهراء,0,1 tahun yang lalu
@HansOstermeier,😊🎉❤,0,1 tahun yang lalu
@ЭльвинаШаимов,Мистарбист😊😊😊😊😊😊😊😊😊😊😊😊😊😊😊😊,0,1 tahun yang lalu
@NidiaDavila-d9g,En Nicaragua 😢,0,1 tahun yang lalu
@demonball924,Send som to the Philippines,0,1 tahun yang lalu
@عبيدةالسويج,ياشبابقني مستربيس,0,1 tahun yang lalu
@LucasCosta-p8m,❤❤❤❤❤❤❤,0,1 tahun yang lalu
@ChedjeuTayuka-pi2ux,Come to cameroun bro,0,1 tahun yang lalu
@trangvlo-d5y,25000d đối với tôi là cả gia tài,0,1 tahun yang lalu
@donatilamoralesolmos2283,Jimi eres geniaL,0,1 tahun yang lalu
@donatilamoralesolmos2283,😮😮😮😮😂😂😂😊😊😊,0,1 tahun yang lalu
@MagiHashi,Sir I want one help,0,1 tahun yang lalu
@ОЛИВИЯ-н3й,😊😊😊😊,0,1 tahun yang lalu
@juaquinacarrion4937,nene❤❤,0,1 tahun yang lalu
@juaquinacarrion4937,nene,0,1 tahun yang lalu
@dr.madiyarovna1,Frf,0,1 tahun yang lalu
@Renattopro,Chamoy🤑🤑🤑🤑🤑,0,1 tahun yang lalu
@Андрей-п4е1д,Прикольные видимо я тебя абажаю❤,0,1 tahun yang lalu
@MinnieSims-n8k,0:09,0,1 tahun yang lalu
@MinnieSims-n8k,0:20 0:22 0:23 0:24 0:24 0:24 0:25 0:25,0,1 tahun yang lalu
@АлиАрген-с7у,Ша на доадр ❤,0,1 tahun yang lalu
@marialuizafernand100,Yeeeeeeeeeeeeeeeesssssssssssss,0,1 tahun yang lalu
@crismellydiaz5605,Helou 😊,0,1 tahun yang lalu
@MuktaMukta-nn3iz,👋,0,1 tahun yang lalu
@DARKWIND.X-l8z5x,😂😂❤❤,0,1 tahun yang lalu
@MonikaKufel,Natan,0,1 tahun yang lalu
@CongKhai1502,Nice,0,1 tahun yang lalu
@Bubba-t1b,W,0,1 tahun yang lalu
@zayraherrera1949,Hace bro,0,1 tahun yang lalu
@Jazzy-u7x,BEAST,0,1 tahun yang lalu
@MrAvgeek2000,Which Simone was the 25000?,0,1 tahun yang lalu
@KarolRamos-g1q,Pls in Mexico,0,1 tahun yang lalu
@MedoMedo-r6l,❤ حسن حتى,0,1 tahun yang lalu
@sidayesida8689,pls gift me as an feastabels,0,1 tahun yang lalu
@Hava-z7x,0:02,0,1 tahun yang lalu
@Hava-z7x,Türk,0,1 tahun yang lalu
@MrAvgeek2000,How to get free feastables,0,1 tahun yang lalu
@Eternity2K12-21-April,I've had Feastables before,0,1 tahun yang lalu
@sabanakhatoon3774,Dueg मुझे भी काम करना है थैंक यू कामें,0,1 tahun yang lalu
@sayaaa-kutie,What about in other countries,0,1 tahun yang lalu
@paulinechung3898,Get it to every continent,0,1 tahun yang lalu
@IvanIvanov-b4q,w,0,1 tahun yang lalu
@MichouOccivil-pt8qd,Je parle pas anglais😅,0,1 tahun yang lalu
@AysegulKucukyldrm-jp3qh,"Türkler . Burada mıyız, 🇹🇷🇹🇷🇹🇷🇹🇷🇹🇷🇹🇷🇹🇷🇹🇷🇹🇷🇹🇷🇹🇷🇹🇷🇹🇷🇹🇷🇹🇷🇹🇷🇹🇷🇹🇷🇹🇷🇹🇷🇹🇷🇹🇷🇹🇷🇹🇷🇹🇷🇹🇷🇹🇷🇹🇷🇹🇷🇹🇷🇹🇷🇹🇷🇹🇷🇹🇷🪤",0,1 tahun yang lalu
@ZohraBouali-m8g,❤❤❤❤❤❤,0,1 tahun yang lalu
@GeraldaSilva-hw6fwtytreee,Meu nome é,0,1 tahun yang lalu
@Adam-v2f7n,❤,0,11 bulan yang lalu
@Людмила-ж9у1л,"Мистер бист, дай мне, пожалуйста, 100000.",0,11 bulan yang lalu
@yardımcıöğretim,Türkiye ye de getirin,0,11 bulan yang lalu
@IdrisSoussia,I wish I could participate with you in one of the competitions,0,11 bulan yang lalu
@AnhTrương-f5y,Anh ở Việt Nam khi nào về Việt Nam ở nhà 256 chơi,0,11 bulan yang lalu
@MdKawser-r7h,Bangladesh 🇧🇩🇧🇩🇧🇩,0,11 bulan yang lalu
@chascop1,Pls can you get it in Britain 😢,0,11 bulan yang lalu
@ellysdomingosbastosmarques946,Tore de brasília 😊🎉❤😂😢,0,11 bulan yang lalu
@ellysdomingosbastosmarques946,🗼🇧🇷⛴🚁🛥🛬✈🛩🚢🛤🛣,0,11 bulan yang lalu
@andresaaraujo994,😂😂😂😂😂😂😂😂😂😂,0,11 bulan yang lalu
@andresaaraujo994,Me sinto pobre 😅😅😅😅😅,0,11 bulan yang lalu
@joannakudlacz1022,Zuzla,0,11 bulan yang lalu
@Tysonlovessports9,Wuv you lol😂😂,0,11 bulan yang lalu
@LianGrajales,❤❤😊😊,0,11 bulan yang lalu
@AshishSood-s4o,Also in 7-Eleven,0,11 bulan yang lalu
@BegomZohraSoltani,❤❤❤,0,11 bulan yang lalu
@RG_GLADIATOR,❤❤❤❤❤❤❤❤❤❤,0,11 bulan yang lalu
@Bharatiagaja,❤❤❤ (..) / \ / \ 😅😅,0,11 bulan yang lalu
@YusufYigitDinçer-j2w,Türkler burda mısınız,0,11 bulan yang lalu
@swayonokkundu8659,getting today,0,11 bulan yang lalu
@euclipatty7966,Quiero participar en tus videos,0,11 bulan yang lalu
@София-ч6ь2з,Класс,0,11 bulan yang lalu
@GaelRubio-t1j,Olla mrbeast te reto hasta que hueles hasta hasta Estados Unidos y vengas para acá y te voy a decir si estoy suscrito y luego te voy a dar una sorpresa porque luego te voy a dar una sorpresa mrbeast por eso ven a a ciudad de de,0,11 bulan yang lalu
@Jackill-i4t,W,0,11 bulan yang lalu
@ElmanayKavaklı,Çok güzel çok güzel yapıyorsunuz terbiyesiz bunları,0,11 bulan yang lalu
@Артру-л6м,Лоолоак в Москве,0,11 bulan yang lalu
@JaydenUbillus,Hot l robux,0,11 bulan yang lalu
@marinhosilva2780,io,0,11 bulan yang lalu
@SarahPreetam,Love you,0,11 bulan yang lalu
@anaiscespedes-be3kz,hello neme neliana,0,11 bulan yang lalu
@anaiscespedes-be3kz,hola,0,11 bulan yang lalu
@pokggwhs,Мистер бист крутой👍,0,11 bulan yang lalu
@isharathi204,❤I  love  you❤ ❤❤❤❤❤❤❤,0,11 bulan yang lalu
@steelmanvikram,❤🎉,0,11 bulan yang lalu
@farabaku,Ok I already eated festibles,0,11 bulan yang lalu
@starboy8855,Ok,0,11 bulan yang lalu
@Mujianah-c5i,😊😊😊😊😊😊😊😮😮😮😮😮😮😮,0,11 bulan yang lalu
@PRIYANISHAD-u9r,😼,0,11 bulan yang lalu
@Yetkin-v9l,1200,0,11 bulan yang lalu
@Yetkin-v9l,1201,0,11 bulan yang lalu
@SevdeTuanaBozdağ,Türk var mı,0,11 bulan yang lalu
@shravanrkumar5702,Were are you,0,11 bulan yang lalu
@XYZ-e9m9h,😂❤❤❤❤,0,11 bulan yang lalu
@ginamarcelasarmientofloria9441,🎉🎉🎉🎉🎉🎉,0,11 bulan yang lalu
@AyşeŞimşe-f3h,Türk varmı,0,11 bulan yang lalu
@SidbewenZongo,J'aime bien TÉLÉPHONE et téraoctet jesuisafricai,0,11 bulan yang lalu
@SidbewenZongo,AYANA tayïbah Moubarak t,0,11 bulan yang lalu
@wafaawafaa-i8i,باثمس,0,11 bulan yang lalu
@guyshalvi,Wug u too,0,11 bulan yang lalu
@The_Wahab804,Ya ya ho ho😂,0,11 bulan yang lalu
@brahimallam3625,"Salut, j’aime trop tes vidéos et j’aimerais trouver ton de tes vidéos mais j’ai pas l’âge",0,11 bulan yang lalu
@sairungchairatsuwan6442,👎W,0,11 bulan yang lalu
@ShahidNazeer-jt5ed,Love you,0,11 bulan yang lalu
@MAYANKPATHAK-p7j,I am a nice momkebar person you can chose me in your chalanges,0,11 bulan yang lalu
@TowhiDa-s1f,🇧🇩❤❤❤❤❤❤🇧🇩🇧🇩🇧🇩🇧🇩🇧🇩🇧🇩🇧🇩❤❤❤,0,11 bulan yang lalu
@alindormunoz-j4u,Mrbeast scegli a me porfiri😢😢,0,11 bulan yang lalu
@SafiyaMusa-s8j,🎉🎉🎉🎉,0,11 bulan yang lalu
@katherinelisbethvargas6867,❤❤❤🎉🎉🎉🎉🎉,0,11 bulan yang lalu
@reapherichards4036,WOW,0,11 bulan yang lalu
@YusmairyAcuña,🙏🙏🙏🙏🙏🙏🙏🙏,0,11 bulan yang lalu
@NickPina-w8j,W,0,11 bulan yang lalu
@IsaiasRodriguezGallegos,Hgggg,0,11 bulan yang lalu
@MichalČarnogurský,10m$ ks pilen,0,11 bulan yang lalu
@IkerRuiz-n3h,W,0,11 bulan yang lalu
@africs-c4t,Omg mister beast,0,11 bulan yang lalu
@cleoreyes3734,Wow,0,11 bulan yang lalu
@cleoreyes3734,Feastables,0,11 bulan yang lalu
@AlricFauxeWife,Get it in philippines😢,0,11 bulan yang lalu
@hayathbashashaik2845,Zahid❤❤❤❤❤❤❤😊😊😊😊,0,11 bulan yang lalu
@XdXd-u6p,soy de ecuador 😢,0,11 bulan yang lalu
@Теймур30,❤❤❤❤,0,11 bulan yang lalu
@SonyCancer,😅❤🎉,0,11 bulan yang lalu
@MdKorim-o3k,Korim,0,11 bulan yang lalu
@konahood861,Does a380,0,11 bulan yang lalu
@albertoguzman-f8t,🎉😊😊😅😅😅😅😅😢,0,11 bulan yang lalu
@KamalaSharma-z8t,9:19,0,11 bulan yang lalu
@PedroRodríguez-f9c,❤,0,10 bulan yang lalu
@LupitaRamirez-h2x,Hello,0,10 bulan yang lalu
@vaninhaduarte423,❤❤❤😢😢,0,10 bulan yang lalu
@Alfai1512gami,Horre,0,9 bulan yang lalu
@brunasilva41,BRU NO,0,9 bulan yang lalu
@DovranAnnamammedov,Hhhhhhhhhhhh,0,9 bulan yang lalu
@SalmaPinjara-u8r,😢😢😢😢😢😢😢😢😢😢,0,9 bulan yang lalu
@GabrielAlves-h2i5v,❤❤,0,9 bulan yang lalu
@solankijenish5146,Virat kohli ❤❤❤❤❤😮😮😮😮😊,0,8 bulan yang lalu
@ChristinaGruner,Bruh,0,8 bulan yang lalu
@JagdishSingh-c5i,Veer ji Danube v had d do ji thanks love you,0,8 bulan yang lalu
@OdomLamar-j9x,Mister je veux ton chocolat aussi ❤❤❤❤🇨🇮🇨🇮🇨🇮🇨🇮🇨🇮🇨🇮🇨🇮 Côte d'Ivoire,0,8 bulan yang lalu
@Lizzybear3636,Tysm,0,8 bulan yang lalu
@carlatellozapater6403,❤❤❤❤😘🩷😙,0,7 bulan yang lalu
@badreldin0,توصل 1 فقط🖤,0,7 bulan yang lalu
@umzakoor7049,اريد حصان 😢 اسود,0,7 bulan yang lalu
@catsGaming4YT,And in Germany en een some  Stores in the Netherlands,0,6 bulan yang lalu
@RohilAbbas-qi2sk,HR,0,5 bulan yang lalu
@janetfrancisco1471,W mrbeast,0,5 bulan yang lalu
@samayepes-wf6zr,Me encantan tus videos cuando tenía 8 me encantaba los vídeos que subías,0,5 bulan yang lalu
@タッパー-w1g,すご,0,5 bulan yang lalu
@Efekrdylmzz,😂😮😂😮😂😮😂😮😂,0,4 bulan yang lalu
@TylerVitelli_UNCLE,wluv,0,4 bulan yang lalu
@YahirToledo-g4z,❤❤❤❤❤❤❤❤❤❤🎉🎉🎉🎉🎉🎉🎉😮😮😮😮😊😊,0,2 bulan yang lalu
@fake-d7m-z,Hi,0,1 bulan yang lalu
@IanJoao-y2r,Si,0,3 minggu yang lalu
@RiderFlashGD,You are CGI delete ur channel,0,3 minggu yang lalu
@giuseppepostiglione6575,Via,0,5 hari yang lalu
@cogito_ergo_sum_Im_am,MR BEAST,14,2 tahun yang lalu
@jafarbuskute3781,Is it in canadian Walmart?,14,2 tahun yang lalu
@maiaquinones6465,HOLA MISTERBIS❤,27,2 tahun yang lalu
@gangadevi5238,But I don't have money,12,2 tahun yang lalu
@Vinspiration00,deeznuts bars are really good,12,2 tahun yang lalu
@Cherry-xq5rh,wow,11,2 tahun yang lalu
@Im_Rascal,YES,10,2 tahun yang lalu
@Blockkerz,I can’t find them in Florida my guy :(,10,2 tahun yang lalu
@MAGIC_JEFF,Please deliver to canada,10,2 tahun yang lalu
@Vinspiration00,yes sir the DEEZNUTZ Bar taste really good,9,2 tahun yang lalu
@kenxo2650,W wanting it in argentina,9,2 tahun yang lalu
@chrisbaran,True,9,2 tahun yang lalu
@mobilenpc-re8fq,hi                                                                                                bye,9,2 tahun yang lalu (diedit)
@intern3t_kats,Luv u too,9,2 tahun yang lalu
@zrxrl,Your are the king,9,2 tahun yang lalu
@peaksh1t,Wuv you too,9,2 tahun yang lalu
@oaksplayzgames,HECK YAA,18,2 tahun yang lalu
@gekzvr3534,"Yo, I’m kind of early!",8,2 tahun yang lalu
@ikerdahelgonzalez-victoria1172,Soy de mexico ms beast por favor puedo apareser en uno de sus videos me haria muy feliz,8,2 tahun yang lalu
@bilyalart,yesss,8,2 tahun yang lalu
@Jxnskates,Just walked half a mile to Albertsons and they didn't know what a feastable was. help,547,2 tahun yang lalu
@unbereafigendlic8414, @Jxnskates  Amazon,0,2 tahun yang lalu
@elvinzs,W,36,2 tahun yang lalu
@Atharva-mh8k,Get it to India 😢,931,2 tahun yang lalu
@rajdeepsingh8147,​,0,2 tahun yang lalu
@MdKorim-o3k,Korim,0,11 bulan yang lalu
@beok777,hi beast,54,2 tahun yang lalu
@pemulwuy7864,I can't wait for it to go global,7,2 tahun yang lalu
@BBcrafts.,Still wish you could’ve uploaded that commercial😂,7,2 tahun yang lalu
@nikoissigma,W!!,7,2 tahun yang lalu
@Heavy-g7y,Wow,16,2 tahun yang lalu
@charlieneedshelp989,sick,16,2 tahun yang lalu
@RyanSoltani,@MrBeast yo Jimmy what was the outro song called,33,2 tahun yang lalu
@postbeforeperfect,Hindi dubbed aunavailable,15,2 tahun yang lalu
@Meir357,לפני דקה,118,2 tahun yang lalu
@wooftamer532,:0,6,2 tahun yang lalu
@mohdshah5101,W,6,2 tahun yang lalu
@HalilKoca-fg1uf,Help Turkey Jimmy,6,2 tahun yang lalu
@lebob5026,love u,248,2 tahun yang lalu
@Loveyuuuuuuaaaaa,I want one so bad!,201,2 tahun yang lalu
@RZK_2, @Loveyuuuuuuaaaaa  where r u from?,0,2 tahun yang lalu (diedit)
@Brantbe,W,46,2 tahun yang lalu
@jerv9626,thanks bruh '-',213,2 tahun yang lalu
@cammyboi2802,Your feastables are my favorite chocolate I have 4 deez Nutz it my fridge,13,2 tahun yang lalu
@sharpender07,j,92,2 tahun yang lalu
@SatriaBajaHitam888,indonesia 🇮🇩🇮🇩🇮🇩,5,2 tahun yang lalu
@DDOT574,Luv u too man,5,2 tahun yang lalu
@emijean6231,Oo,5,2 tahun yang lalu
@Hey.little.guy1,hooray,162,2 tahun yang lalu
@Heavy-g7y,Wow,36,2 tahun yang lalu
@Talkative_Ducky,w,144,2 tahun yang lalu
@noobyjohn,2 mins ago,28,2 tahun yang lalu
@rayyanthetechnicalgamer2775,W,20,2 tahun yang lalu
@shevonfernando4217,Wuv,110,2 tahun yang lalu
@rayyanthetechnicalgamer2775,W,27,2 tahun yang lalu
@masterchiefone5111,w,42,2 tahun yang lalu
@estebanvallejorios3691,Hola,26,2 tahun yang lalu
@whateveryt0,Wov u to jimmy,4,2 tahun yang lalu
@Jfndjdkdkj0828j,Mr beast you are the best YouTuber ever existed,4,2 tahun yang lalu
@RenMps,Ok,4,2 tahun yang lalu
@eladitocarrion3860,Ven a dominican Repúblic,4,2 tahun yang lalu
@gangadevi5238,But I don't have money😢,4,2 tahun yang lalu
@1jx5h,Ok,4,2 tahun yang lalu
@OmarFuentes-ih3kr,I love your videos:yt:😊,4,2 tahun yang lalu
@loshermanoslocos1096,Mr beast podría hacer un escondite en una tienda de autos y el que se encuentra de ultimo puede eligir un auto es una sugerencia y si lo haces puedes hacer que participe mi hermana aún que no esté suscrito,4,2 tahun yang lalu
@Cr15_VM,PLsss feastables on mexicooo,4,2 tahun yang lalu
@now_gaming,Lol,11,2 tahun yang lalu
@skiwhom,love u,11,2 tahun yang lalu
@imrania1081,balls,329,2 tahun yang lalu
@kapinkvlog2500, @imrania1081 Ayooo you’re sus,0,1 tahun yang lalu
@beegyoshi3336,W,"1,5 rb",2 tahun yang lalu
@Axel_Beas,⁠Mrbeast,1,1 tahun yang lalu
@MdSakin-pn9mj,​😂,0,2 tahun yang lalu
@kemalkartal-qy6sh,Seni çok seviyorum ❤,0,2 tahun yang lalu
@t1me.,First,100,2 tahun yang lalu
@drybebonez5625,w,31,2 tahun yang lalu
@The_Delta_Realm,"Thank you, and I’m sorry twitter has to do you so dirty!",17,2 tahun yang lalu
@Videosandmoremine,Mizarbest,10,2 tahun yang lalu
@FairwayAndFreeways,HEHEUHEEH,70,2 tahun yang lalu
@YKtopaz,ok,43,2 tahun yang lalu
@rayyanthetechnicalgamer2775,W,23,2 tahun yang lalu
@metabam2730,IM EARLY,75,2 tahun yang lalu
@lloydthegreenninja5155,In Puerto Rico?,3,2 tahun yang lalu
@FilasXmarka,😢WHEN WILL YOU COME TO TURKEY😢,3,2 tahun yang lalu
@Tressant,That’s awesome!,3,2 tahun yang lalu
@qasimahmed445,Common MrBeast W,3,2 tahun yang lalu
@Aggrocrow,Let's go,3,2 tahun yang lalu
@TuRepublic,MrBeast Is KING !,3,2 tahun yang lalu
@sYphX50,Wuv u 2,3,2 tahun yang lalu
@Andrew.Jr.05-26,"Lancaster, Pennsylvania - Locations Of Walmart",3,2 tahun yang lalu
@nickolozano9491,yessir!,3,2 tahun yang lalu
@ethabn4,Love you beast!,3,2 tahun yang lalu
@Videosandmoremine,Lmao,3,2 tahun yang lalu
@poprocks3273,W,3,2 tahun yang lalu
@trakidelatess7340,I love you,3,2 tahun yang lalu
@itz_tocairiz6750,Ok,3,2 tahun yang lalu
@soundfx7059,ok,3,2 tahun yang lalu
@evathestickgirl4234,Y en latam 🤔,3,2 tahun yang lalu
@BraxttenMillett,W,3,2 tahun yang lalu
@magoJones69,Quando chegar no brasil a gente conversa 👍,3,2 tahun yang lalu
@uniquerobloxavatar,the $1 looks fun,3,2 tahun yang lalu (diedit)
@geraldjinx,I love you,3,2 tahun yang lalu
@xiaoch_n,W,3,2 tahun yang lalu
@lagginglazer,Chocolate 😀,3,2 tahun yang lalu
@gamingon67,Op bro,3,2 tahun yang lalu
@BurgersForBreakfast.,We wuv u too,3,2 tahun yang lalu
@TheBlueBagger,great news! I will finally get to try em' after ages,3,2 tahun yang lalu
@Sarthak809,pls make it across every walmart in canada pls,3,2 tahun yang lalu
@gun-mf3yd,Я мечтаю попасть в твой ролик.,3,2 tahun yang lalu
@tyr.l,👍,3,2 tahun yang lalu
@Mr-roma_ofl-ofka567-drll,Я не знаю США но.... Ответь пж мр бист,3,2 tahun yang lalu
@brendaval5278,My name andrea 😍😍😍😍,3,2 tahun yang lalu
@Pneumonoultramicroscopic-pi6kk,500TH COMMENT YEAAAAAAHHHH,3,2 tahun yang lalu
@rayyanthetechnicalgamer2775,W,22,2 tahun yang lalu
@rayyanthetechnicalgamer2775,W,22,2 tahun yang lalu
@ariqshaf9355,Thanks,9,2 tahun yang lalu
@potato_1924,hi,58,2 tahun yang lalu
@Jfndjdkdkj0828j,Hi 👋 😊,14,2 tahun yang lalu
@bubblelovesstrangerthings,WHAT DO YOU MEAN GLOBBALY DO YOU MEAN NEW ZEALAND OMGOMG,49,2 tahun yang lalu
@postbeforeperfect,@MrBeast Hindi dubbed unavailable please provide sir,8,2 tahun yang lalu
@KllEnder,Hi😂,42,2 tahun yang lalu
@arvianvino1794,Makasih mrbeast  sudah bagi bagi ke orang miskin,2,2 tahun yang lalu
@Names-80085,"Let's go, P.S I watch all your videos ❤",2,2 tahun yang lalu
@erdenebaatar8089,This is why MrBeast is the best in the world.,2,2 tahun yang lalu
@Keshari_7,In india,2,2 tahun yang lalu
@Leo-gy4by,Lol DN chocolate,2,2 tahun yang lalu
@kenos1458,The Best in The world,2,2 tahun yang lalu
@kamilto112,I got your chocolate bar it taste good,2,2 tahun yang lalu (diedit)
@Alex-zq2wv,"Hola mr.beast, espero te encuentres bien, me encantaria ir a Disney world, con mi primo, es un sueño de hace mucho, saludos desde Colombia ❤😊",2,2 tahun yang lalu
@uniquerobloxavatar,yo,2,2 tahun yang lalu
@theofficialum,whats your o,2,2 tahun yang lalu
@uniquerobloxavatar,but I'm from indonesia,2,2 tahun yang lalu
@Viet273VN,Hello MrBeast! :D,2,2 tahun yang lalu
@Videosandmoremine,Hshshs,63,2 tahun yang lalu
@rayyanthetechnicalgamer2775,W,18,2 tahun yang lalu
@rayyanthetechnicalgamer2775,W,17,2 tahun yang lalu
@rayyanthetechnicalgamer2775,W,17,2 tahun yang lalu
@seadret3671,W les gooooo,17,2 tahun yang lalu
@Jfndjdkdkj0828j,I life in Mexico and I am poor for go to United States😢😢😢,27,2 tahun yang lalu
@ابوجودالغالي-ن5ض,مستر بيس انا احبك كثيرا ❤ اريد ان اربح ايفون ارجوك ❤🎉 😢,107,2 tahun yang lalu
@tamimAzimi-97,1:27 you,0,2 tahun yang lalu
@rayyanthetechnicalgamer2775,W,16,2 tahun yang lalu
@Watchthestars981,W mr.beast,16,2 tahun yang lalu
@bebgamer2457,Ben aboneyim beni hiç çağırmıyorsun ki türk abanolerin önemli değil mi,16,2 tahun yang lalu
@andresavalos6,"That's crazy. Once I see, I buy.",1,2 tahun yang lalu
@samuelmoolman1674,We ned it in Australia!!!,1,2 tahun yang lalu
@محمدمحمد-ف4ر8ك,لماذا انت مستيقذ لحد الان الوقت متخر,1,2 tahun yang lalu
@abhayofficial121,Love u mr. Beast,1,2 tahun yang lalu
@KatieOgletree,You copy the stoke twins,1,2 tahun yang lalu
@elenicevalli2815,me escolhe,1,2 tahun yang lalu
@ttttruffles,yay,1,2 tahun yang lalu
@summeryt9424,I luv u,1,2 tahun yang lalu
@XxLA_MUERTExX,Hello mrbeast,1,2 tahun yang lalu
@ampm92,Can I have a dollar? Or a couple quarters 😮,19,2 tahun yang lalu
@tyleraiken281,Ok,0,2 tahun yang lalu
@kevinisaaclopezorellana3978,Hola me beast soy tu fafaffafa,0,2 tahun yang lalu
@WinterBread00,W,0,2 tahun yang lalu
@trentonjersey,feastables are too expensive,0,2 tahun yang lalu
@заяцРусак,Ты лучший ❤❤❤,0,2 tahun yang lalu
@Mr.Jabella," @заяцРусак  ,+",0,2 tahun yang lalu
@ATHXGZRJ,👍👍,0,2 tahun yang lalu
@yasserammarrassam5658,لماذا لا تعمل رحل لاشخاص عرب اريد ان اكون اول عربي في برنامج مستر بيس,0,2 tahun yang lalu
@thetrainguy500,OMG,0,2 tahun yang lalu
@malus36,Daniel give me coffee,0,2 tahun yang lalu
@malus36,Daniel give me coffee,0,2 tahun yang lalu
@malus36,Daniel give me coffee,0,2 tahun yang lalu
@malus36,Daniel give me coffee,0,2 tahun yang lalu
@malus36,Daniel give me coffee,0,2 tahun yang lalu
@sambregancia7545,HI MRBEAST,0,2 tahun yang lalu
@Soviet491,I'm at Malaysia :(,0,2 tahun yang lalu
@wearehikids420,Will it come to German supermarkets?,0,2 tahun yang lalu (diedit)
@J.Gtricks,Lets Goooo.,0,2 tahun yang lalu
@AshleighBeesley-c7x,I've never had one,0,2 tahun yang lalu
@الرزاق-ب3ح,انا عماد حلمي اقابل مستر بيست,0,1 tahun yang lalu
@fmsapls294,russia?,17,2 tahun yang lalu
@Desidancer6392,Muje bhi bolyo,4,2 tahun yang lalu
@lyserjimgameplay8732,Ang tagal ng upload mo boss,8,2 tahun yang lalu
@Desidancer6392,Muje bhi bolyo,7,2 tahun yang lalu
@Literallyidkq,💯🔟,0,1 tahun yang lalu
@Desidancer6392,Muje bhi bolyo,7,2 tahun yang lalu
@ابوجودالغالي-ن5ض,مستر بيس ارجوك ان اربح ايفون,52,2 tahun yang lalu
@joeshiesty6933,"I love feastables, they are so good bro you don’t even know. Also why do you comment 5 hours after ur vid is posted",2,2 tahun yang lalu
@IlleniumRain,W,2,2 tahun yang lalu
@Desidancer6392,Muje bhi bolyo,5,2 tahun yang lalu
@rayyanthetechnicalgamer2775,W,17,2 tahun yang lalu
@D1fr0n4ik, @rayyanthetechnicalgamer2775  W,3,2 tahun yang lalu
@sagerandom400,Yay,4,2 tahun yang lalu
@michaelcurley7002,Noice,1,2 tahun yang lalu
@elijahmelnichuk3542,I love u I love u daddyyyyyyyyyyyyyyyyyyyyyyyyyyyyyyyyyyyyyyyy I love u daddyyyyyyyyyyyyyyyyyyyyyyyyyyyyyyyyyyyyyyyy I love u daddyyyyyyyyyyyyyyyyyyyyyyyyyyyyyyyyyyyyyyyy I love u daddyyyyyyyyyyyyyyyyyyyyyyyyyyyyyyyyyyyyyyyy,1,2 tahun yang lalu
@Videosandmoremine,Zar bewt,6,2 tahun yang lalu
@Videosandmoremine,Tar best,6,2 tahun yang lalu
@rezvine,cool im  bouta buy feastables in the walmart supercenter,0,2 tahun yang lalu
@elijahmelnichuk3542,I love u I love u dadddyyyyyt,0,2 tahun yang lalu
@Terryxdpp9439,Hello o hola,14,2 tahun yang lalu
@kaulana7016,Facts,8,2 tahun yang lalu
@bryank2098,Karl's mom has got it going on,41,2 tahun yang lalu
@keebkwj,🦤,7,2 tahun yang lalu
@olololbruhmoment2018,Fr,4,2 tahun yang lalu
@daveschroeder5993,I agree,4,2 tahun yang lalu
@Kirby8939,YES,3,2 tahun yang lalu
@Thek3qinput,And we love yours 😂,3,2 tahun yang lalu
@Peter_Henderson,I love Michael Gove Mikey Govey Wovey Dovey Lovey Shovey Trovey Gickitty Gookity Govity,"2,3 rb",2 tahun yang lalu
@angrypangry6635, @Peter_Henderson  I despise Michael gove,4,2 tahun yang lalu
@Sneakerhead_shrek,Fr,2,2 tahun yang lalu
@Cj11759,i love karl's mom👍,2,2 tahun yang lalu
@Legendbornprime, @EnterAName   someones jealous,2,2 tahun yang lalu (diedit)
@GlitchOnePlus,I’ve been loving his mom for years I mean who hasn’t 😂,2,2 tahun yang lalu
@guavadoes,Sus,2,2 tahun yang lalu
@CrazxyEdits,Sus,2,2 tahun yang lalu
@ash-if5kr,I don't,2,2 tahun yang lalu
@walkersuda5911,"No, we dont.",2,2 tahun yang lalu
@Carl_Sanjo,Karl effect,2,2 tahun yang lalu
@andreslozanoalatorre9189,La verdad,2,2 tahun yang lalu
@mohammedawalibrahim4757,I would always continue to see Jimmy us the best man who is giving sponsorship in high esteem without any fear and this makes me happy,2,2 tahun yang lalu
@deadlyweenug5835,Who is we?,2,2 tahun yang lalu
@davef1616,Karl’s mom is the best 😂,77,2 tahun yang lalu
@RealSanes,All Russia too,1,2 tahun yang lalu
@gisellemachadoama,Fax,1,2 tahun yang lalu
@Terryxdpp9439,Hello,1,2 tahun yang lalu
@dlw_lynx,Especially Yung Gravy,1,2 tahun yang lalu
@woofdes14,We do,1,2 tahun yang lalu
@Melissaposs,Hi,1,2 tahun yang lalu
@NatureEucaleptuss,​ @Melissaposs  bonjour,0,2 tahun yang lalu
@Addiepineapple13,Lol,1,2 tahun yang lalu
@NatureEucaleptuss,​ @Addiepineapple13  bonjour,0,2 tahun yang lalu
@thesadbread,Yes,1,2 tahun yang lalu
@Snorlaxethan,Yass,1,2 tahun yang lalu
@Resin_sea238,Frfr,1,2 tahun yang lalu
@cristytaylor2517,Yea,1,2 tahun yang lalu
@mr.f716,I thought her and me was something special,1,2 tahun yang lalu
@Fantyk-qi1mq,🤔,1,2 tahun yang lalu
@GuangdongJiarui,👍,1,2 tahun yang lalu
@tomemmerton1575,i can approve,1,2 tahun yang lalu
@gravycatman1439,NAW XD,1,2 tahun yang lalu
@binitatimalsina2849,Your mom,0,8 bulan yang lalu
@d4rk61,Sacer que haces aca🗿,1,2 tahun yang lalu
@ImRusting,Yea I love Carl’s mom also,1,2 tahun yang lalu
@Idkwhattoputhere6942, @ImRusting  karl*,1,2 tahun yang lalu (diedit)
@cock_and_balls_ceo,karls mom,1,2 tahun yang lalu
@Zylohex,april fools,1,2 tahun yang lalu
@Wasiemm.m,We sure do,1,2 tahun yang lalu
@g6e998,i dont,1,2 tahun yang lalu
@rayanmartinez2887,Hola,1,2 tahun yang lalu
@RebootedTitan,Yes we do,1,2 tahun yang lalu
@ariellalopez8036,fr,1,2 tahun yang lalu
@logan-yy5wn,Chandlers mom is better,1,2 tahun yang lalu
@coopdog835, @logan-yy5wn  how dare you,0,2 tahun yang lalu
@zenyni,Yessss 🎉,1,2 tahun yang lalu
@abdelrahman.footy.7143,No,1,2 tahun yang lalu
@Theblue_bros,I love you buckaroo,1,2 tahun yang lalu
@NatureEucaleptuss,Bonjour,1,2 tahun yang lalu
@Fishytf,S,1,2 tahun yang lalu
@NatureEucaleptuss, @Fishytf  bonjour,0,2 tahun yang lalu
@chainyvilonte8716,Yes siir,1,2 tahun yang lalu
@rednightmare490,Ges,1,2 tahun yang lalu
@JJ_daddy,So true,1,2 tahun yang lalu
@yesenialopez5128,What 😅,1,2 tahun yang lalu
@josepharmy2701,🤨,1,2 tahun yang lalu
@만화그리는슬라임,love Karl's mom!!,1,2 tahun yang lalu
@ChanceLara22,No just u,1,2 tahun yang lalu
@masona457, WE UTTP THDTC TSPL AOTN PMD [AY64] [AH]  fr that’s a rude word to say if u say it to someone u have Bruce’s,1,2 tahun yang lalu
@Bidoof-lk2mv,I don’t love her but I love you ❤️,1,2 tahun yang lalu
@roidddddd,we?,1,2 tahun yang lalu
@Hh-jg3px,On gif,1,2 tahun yang lalu
@adarshnayak8399,💀,1,2 tahun yang lalu
@AidenSari-1,Lmao,1,2 tahun yang lalu
@Thailandtravelvideo,I love everything you do. You always find a way to surprise us.😇😇💝💖💗❤🧡💛💚💙💜💯💯💯,1,2 tahun yang lalu
@NicolasMarch2,What 😂😂😂😂,1,2 tahun yang lalu
@jessewyliefr,who’s we?,1,2 tahun yang lalu
@魏朝明086,Me too Bro😂,1,2 tahun yang lalu
@JestsubbabayHehe,No,1,2 tahun yang lalu
@joyuwaekwe7788,💀,1,2 tahun yang lalu
@christiandouglass2225,Who is “we” 💀,1,2 tahun yang lalu
@giotisGR1,Νo we don't,1,2 tahun yang lalu
@Ibfall_Buntel,Nah i love chan chan dad,1,2 tahun yang lalu
@metallettuce52,🤨📸,1,2 tahun yang lalu
@Beanjamiin,Agrees,1,2 tahun yang lalu
@KRB_boy,CARLS MOM CARLS MOM ¡!!!!!!¡!!¡¡!¡¡¡¡¡!!!!!,1,2 tahun yang lalu
@countryballsecuador3,Bro no hablas inglés hablas español,1,2 tahun yang lalu
@Shadowtoast76,Karl’s mom has got it going on,1,2 tahun yang lalu
@Chaoticz_official,Who doesn't?😊,1,2 tahun yang lalu
@jaydensalinas16,True DAT!,1,2 tahun yang lalu
@Msax1w3ecvssb,Yup,1,2 tahun yang lalu
@youtubeblogger4081,Yes,1,2 tahun yang lalu
@Kirby_kit,True,1,2 tahun yang lalu
@bousselhamtajni8132,Eres mi fan!!!,1,2 tahun yang lalu
@tahseenanwar009,Yes,1,2 tahun yang lalu
@montgomerykidschannel9283,Yah,1,1 tahun yang lalu
@Cutiegirl-i4b,I LOVEEEE Karl’s MOTHER,1,1 tahun yang lalu
@AlexisPineda-m3t,Sarce Cervantes no hablabas español?,1,1 tahun yang lalu
@arisbeh344,Yes lover kar's😍,1,1 tahun yang lalu
@karmashahin7378,That sounds weird,1,1 tahun yang lalu
@Juipiter_gaming,Yes 🗿,1,1 tahun yang lalu
@TANTFCC,ye,1,1 tahun yang lalu
@SaySayandHannah,Fr,1,1 tahun yang lalu
@beeeeeanie,Yes!1!♡♡♡,1,1 tahun yang lalu
@johndavis4664,Fr😂,1,1 tahun yang lalu
@farabaku,No I don’t hahahahah,1,11 bulan yang lalu
@mauricemeisteriv7940,W,1,9 bulan yang lalu
@AhmetDura-tu1di,Susugbie,1,9 bulan yang lalu
@Teopka,Ya se que lo traduciste,1,8 bulan yang lalu
@eltumbatorres8,COMO QUE CESAR SERVANTES ESTA AQUI,1,8 bulan yang lalu
@MalihaNuzhat-n3t,Me too 😁,1,7 bulan yang lalu
@Darobloxianpharaoh,WE LOVE KARL’S MOM!,1,7 bulan yang lalu
@MESSI-ycr7,Sacer por primera vez comentas en un vídeo de Mrbeast,1,7 bulan yang lalu
@rayhillwpfg,Baa,1,6 bulan yang lalu
@abductions-k6j,1️⃣🐘,1,13 hari yang lalu
@space4405,But karl,17,2 tahun yang lalu
@DHJO33,My mom is mom karl,0,2 tahun yang lalu
@abductions-k6j,2️⃣✈️,1,13 hari yang lalu
@higherthanyou999,Yes,0,2 tahun yang lalu
@gabigabifuifui175,​@Alfred Chan r🎉🎉😢🎉😢🎉😢,0,2 tahun yang lalu (diedit)
@Bhshdlitxpjvitcuv,Nah,0,2 tahun yang lalu
@justarandomacc7263,yes we do.,0,2 tahun yang lalu
@princianorvz,Love!!!❤,0,2 tahun yang lalu
@RandomGuy-t7c, @princianorvz you’ve lost it,0,8 bulan yang lalu
@Killa_vom_Billa,And carls Dortmund Jacket,0,2 tahun yang lalu
@lixon30fps,And yours😊,0,2 tahun yang lalu
@tomminecraft_YT,Yea I got a major crush on carls mum,0,2 tahun yang lalu
@louis_deg,yes,0,2 tahun yang lalu
@ChezBurgor172,tbh who doesnt?,0,2 tahun yang lalu
@barberjungle,Mr beast loves her more,0,2 tahun yang lalu
@FSoJG28597,True.,0,2 tahun yang lalu
@komet011,true,0,2 tahun yang lalu
@itsMeyoush,​ Don't Read My Profile Picture  why,0,2 tahun yang lalu
@irixxoneyt,Cómo es que hablas inglés,0,2 tahun yang lalu
@luanamoreira7195,true,0,2 tahun yang lalu
@x_Daniyal_x,😏😏,0,2 tahun yang lalu
@magicaleraser2914,We love Karl's mom,0,2 tahun yang lalu
@Deebo_is_him,Yep,0,2 tahun yang lalu
@abductions-k6j,2️⃣✈️,1,13 hari yang lalu
@MrGarzia,Yes,0,2 tahun yang lalu
@amogusyt4422,Yes,0,2 tahun yang lalu
@Fulcrum1313,Yess <3,0,2 tahun yang lalu
@MFTUCK,Yes,0,2 tahun yang lalu
@celloncello,Lol,0,2 tahun yang lalu
@woosizt,Wazaaa,0,2 tahun yang lalu
@33itsrelaxing,Love you 😍 💗,0,2 tahun yang lalu
@rexgutten7657,Ofc❤️,0,2 tahun yang lalu
@andimunir890,LMAO,0,2 tahun yang lalu
@Blt-l6w,I approve,0,2 tahun yang lalu
@maximilianocorazcuellar2200,Is true,0,2 tahun yang lalu
@landonhuang78,Si,0,2 tahun yang lalu
@justsomerandomguy8210,Some more than others,0,2 tahun yang lalu
@LRabbit71421,Yes I do,0,2 tahun yang lalu
@wataquesono,Eres español no gringo xd,0,2 tahun yang lalu
@Demi_Reborn,Agreed,0,2 tahun yang lalu
@coopdog835,For real,0,2 tahun yang lalu
@thechosenone2227,WE ALL LOVE KARLS MOM,0,2 tahun yang lalu
@Gronty_219,We love Karl's mom♥️,0,2 tahun yang lalu
@abductions-k6j,2️⃣✈️,1,13 hari yang lalu
@sheluvmefr,Ikr,0,2 tahun yang lalu
@rumi7727,Yes,0,2 tahun yang lalu
@bloodman228,Lol,0,2 tahun yang lalu
@Rockmain_12,Yes,0,2 tahun yang lalu
@Battleray,Ok,0,2 tahun yang lalu
@IconicTristan,When you got it you got it,0,2 tahun yang lalu
@ridhogaming0126,Its true!,0,2 tahun yang lalu
@aestheticstone-lp2vv,Karls mom is a W,0,2 tahun yang lalu
@ianozielnunez132,Mr beast humillando a los de Latam,0,2 tahun yang lalu
@Supercrypa,Her bed is better. 🥱,0,2 tahun yang lalu
@blairbearx,Karls mom has got it going on,0,2 tahun yang lalu
@AaronR868,I love Karl's mom,0,2 tahun yang lalu
@FORTNITEBALLSALLINYAFACE,No we all ❤️ Karl’s mom,0,2 tahun yang lalu
@Flenix_CB,Que haces acaaa,0,2 tahun yang lalu
@_nolan_793,Yes,0,2 tahun yang lalu
@luc77saa,IKR❤❤,0,2 tahun yang lalu
@Sexybaka13,Ok,0,2 tahun yang lalu
@IILovinusII,I might just… 😏😏😏😏😏😏😏😏😏,0,2 tahun yang lalu
@XlyXO,Karl wants to know your location,0,2 tahun yang lalu
@abductions-k6j,2️⃣✈️,1,13 hari yang lalu
@sunmoon4427-p4e,Troom,0,2 tahun yang lalu
@arhankhan00786,HELLL YEAHHH WE DOO!!!!!!!,0,2 tahun yang lalu
@elimiller-eu7vk,Yep,0,2 tahun yang lalu
@davicitoman,Yep,0,2 tahun yang lalu
@rabianasir5825,Yes we all dp,0,2 tahun yang lalu
@fan_de_kim12888,"ocbeo Yes, hello",0,2 tahun yang lalu
@socky85,❤️*,0,2 tahun yang lalu
@deathforum1084,O sacer you eres español,0,2 tahun yang lalu
@trucecastle,Biggest irl shoutout for someone I believe,0,2 tahun yang lalu
@Actually_Himothy,We love Karl's mom!,0,2 tahun yang lalu
@loiswilczewski169,Yup😊,0,2 tahun yang lalu
@masona457,Yes indeed,0,2 tahun yang lalu
@ducki6054,I love karls mom,0,2 tahun yang lalu
@ItsP4nc4k3s,Ain't that the truth 👌,0,2 tahun yang lalu
@dragonfly6638,Same,0,2 tahun yang lalu
@ArtByJack44,Same,0,2 tahun yang lalu
@virginiafaraj7037,Porque lo pones en ingles si vos hablas español???,0,2 tahun yang lalu
@Alejocordova240,Que épico el sacer bilingüe 🤑👻,0,2 tahun yang lalu
@cadenbrown5247,I'm doing this to make Karl pissed,0,2 tahun yang lalu
@abductions-k6j,2️⃣✈️,1,13 hari yang lalu
@rocketpower4127,Yes we do,0,2 tahun yang lalu
@Steve_012,No,0,2 tahun yang lalu
@TheDannyBoy12,"No, we ❤ her.",0,2 tahun yang lalu
@BluePenguVr,Amen,0,2 tahun yang lalu
@Zaklinatel_govna69,And Nolan’s mom,0,2 tahun yang lalu
@xlint9906,Fr,0,2 tahun yang lalu
@SqueaksandSniffs,YES YES,0,2 tahun yang lalu
@goatjr7490,W,0,2 tahun yang lalu
@crusofino,No i prefer yours,0,2 tahun yang lalu
@codenothin,We love Karl's mom,0,2 tahun yang lalu
@SilentRyze,Argreed,0,2 tahun yang lalu
@Sir_Julienne,I ❤ Karl's mom!,0,2 tahun yang lalu
@ЛёняЗахаров-о9с,Да,0,2 tahun yang lalu
@AUkrainiankid,Lol,0,2 tahun yang lalu
@ЛёняЗахаров-о9с,Yes,0,2 tahun yang lalu
@rodriwuopro8937,XD hablo español y como hablo un poco de ingles entendi lo que decia,0,2 tahun yang lalu
@Kalon_999,Hola,0,2 tahun yang lalu
@Kalon_999,Eje,0,2 tahun yang lalu
@amigoconlapapayealt,What are you doing here bro but Yea lol,0,2 tahun yang lalu
@abductions-k6j,2️⃣✈️,1,13 hari yang lalu
@Tatsuo246,We ❤ Karl’s mom,0,2 tahun yang lalu
@thisisjaydean,Yes sir!!,0,2 tahun yang lalu
@valterplays._.6554,yesssss,0,2 tahun yang lalu
@Ashrr_Sab,finally someone loves karl,0,2 tahun yang lalu
@michelle.oscarra,I ❤ Karl's MOM,0,2 tahun yang lalu
@nocontact_eddie,Ok yung gravy,0,2 tahun yang lalu
@AlmeiraAdam,Bro,0,2 tahun yang lalu
@Abby_Auer,No we ❤ her,0,2 tahun yang lalu
@error404_not_found-e4e,FR,0,2 tahun yang lalu
@Jubsforlife,Yessir,0,2 tahun yang lalu
@memetime1784,We love karl’s mom,0,2 tahun yang lalu
@shiro_55890,yessss,0,2 tahun yang lalu
@indoraptor3933,Fr,0,2 tahun yang lalu
@我和5个孩子的日常,👍🫶❤,0,2 tahun yang lalu
@kevinsanchez5660,Si,0,2 tahun yang lalu
@bruhgaming6949,Kakyoin:,0,2 tahun yang lalu
@Aaaaaaaron,Yo,0,2 tahun yang lalu
@Br-090,That comment out of context…,0,2 tahun yang lalu
@johnnymoore1405,Ayo,0,2 tahun yang lalu
@abductions-k6j,2️⃣✈️,1,13 hari yang lalu
@fan_de_db4087,Hey Sacer jajaja todos piensan que hablas inglés,0,2 tahun yang lalu
@christiankim5904,Love love*,0,2 tahun yang lalu
@Tillieidkkkkkkkkk,Hell yeah,0,2 tahun yang lalu
@construccionessoza7835,Xd,0,2 tahun yang lalu
@BaddieT_rex,BOZO,0,2 tahun yang lalu
@jarifgaming8120,Yeah😂😂,0,2 tahun yang lalu
@linkmartinez9082,I love karl's mom,0,2 tahun yang lalu
@bloomqv,Fr,0,2 tahun yang lalu
@Surfcat159,Que haces AQU bro,0,2 tahun yang lalu
@polywacky64,Stereotype...,0,2 tahun yang lalu
@miasugarcan9736,@Alfred Chan 4th*,0,2 tahun yang lalu (diedit)
@rimuruoverlord5398,indeed😂,0,2 tahun yang lalu
@Sus208,Fact,0,2 tahun yang lalu
@unquackabletheduck,Agreed,0,2 tahun yang lalu
@nicoelculer,EVERYBODY SPAM KARLS MOM IN THE CHAT,0,2 tahun yang lalu
@jajerlyjoe,fr 🔥🔥,0,2 tahun yang lalu
@valeriamendoza5338,Yes a youtuber,0,2 tahun yang lalu
@J0D1O_J03star,Yes,0,2 tahun yang lalu
@cartern3xtdoor,Fr,0,2 tahun yang lalu
@abductions-k6j,2️⃣✈️,1,13 hari yang lalu
@cristianprado9040,XD,0,2 tahun yang lalu
@Videosandmoremine,Mistar,0,2 tahun yang lalu
@aangelsx,Head ahhh,0,2 tahun yang lalu
@GoustMw2Dead,Yes,0,2 tahun yang lalu
@Bnik_x,Yesss,0,2 tahun yang lalu
@tacoturtle5748,Correction: We love Pilot Doug.,0,2 tahun yang lalu
@electro.4ever,Yes,0,2 tahun yang lalu
@xerblee,Hahaha yeah,0,2 tahun yang lalu
@CARL-ze6wv,Karl mom's cool,0,2 tahun yang lalu
@DARKY_GAMING540,We all baka,0,2 tahun yang lalu
@Gxbe710,You better believe it,0,2 tahun yang lalu
@UnknownBoiOrUB,True,0,2 tahun yang lalu
@coralglassesfromENAdreamBBQ,WE LOVE KARL'S MOM,0,2 tahun yang lalu
@Pana_3432,Ey who doesn't love karl's mom,0,2 tahun yang lalu
@THEBFFS584,Half a dozen is five,0,2 tahun yang lalu
@uniquerobloxavatar,ofc,0,2 tahun yang lalu
@Musiciast,+😏,0,2 tahun yang lalu
@omarricardo8542,No sabía que ablabas ingles,0,2 tahun yang lalu
@Iekronian,Too,0,2 tahun yang lalu
@abductions-k6j,2️⃣✈️,1,13 hari yang lalu
@JeroooooGamerrr,Sacer que haces acá😮,0,2 tahun yang lalu
@annahouse1599,Absolutely,0,2 tahun yang lalu
@not_lia2,Ola,0,2 tahun yang lalu
@ArdyKyronGaming,Of course we do ⭐,0,2 tahun yang lalu
@chaeyoung_143,YEEE,0,2 tahun yang lalu
@Scoops-s, @EnterAName no,0,2 tahun yang lalu (diedit)
@pur-plehead4532,Yes,0,2 tahun yang lalu
@vqt.valentina, @EnterAName kiwi,0,2 tahun yang lalu (diedit)
@Тимурник-ф2т,Мистер бист Я тебя люблю,0,2 tahun yang lalu
@benjaminangyan563,Aye,0,2 tahun yang lalu
@ElPajas_Rials,Soy tu fan 🤠,0,2 tahun yang lalu
@BALLBALLBAL1,What,0,2 tahun yang lalu
@nanahiwa,Jaja por qué hablas en ingles,0,2 tahun yang lalu
@user-cat12345,Yes 😂,0,2 tahun yang lalu
@duskybrownbell5036,Karl’s mom?,0,2 tahun yang lalu
@duskybrownbell5036,Karl’s mom!,0,2 tahun yang lalu
@duskybrownbell5036,Karl’s mom!,0,2 tahun yang lalu
@Luna207_8,Yes,0,2 tahun yang lalu
@ehapmohamed-xq7sg,me to,0,2 tahun yang lalu
@abductions-k6j,2️⃣✈️,1,13 hari yang lalu
@JhamilQuino-h1j,❤❤❤,0,2 tahun yang lalu
@bia_bruce,Yeah,0,2 tahun yang lalu
@M0M0N3_M0M0,Yoooooo,0,2 tahun yang lalu
@Dnzzy-1823,Sacercervantes soy tu fannn soy latino😂😂,0,2 tahun yang lalu
@불루쨩,True!,0,2 tahun yang lalu
@رفادعبد-ص6س,0:40 احبك❤❤❤❤فدوه,0,2 tahun yang lalu
@Hxmdxn7,6:04 YAY!,0,2 tahun yang lalu
@AnthonyCarmine-kb2ql,Sacer eres tu,0,2 tahun yang lalu
@elenagoman6389,😀😉❤🎉,0,2 tahun yang lalu
@LeaChami-rv6fq,Lol,0,2 tahun yang lalu
@macrosoft_lol,⁠lol😂,0,2 tahun yang lalu
@hannatrucker,😂😂😂,0,2 tahun yang lalu
@Havingfun139.,WE ❤ KARLS MOM,0,2 tahun yang lalu
@dadosj6073,LOL ME TO9,0,2 tahun yang lalu
@reemelmusharaf4649,❤❤❤❤❤❤❤❤❤❤❤❤❤❤❤❤❤❤,0,2 tahun yang lalu
@stefhanyberto6615,True true,0,2 tahun yang lalu
@angeleduardo9138,Ke verga señor estark,0,2 tahun yang lalu
@솜브레로은하,YEAH🔥🔥🔥🔥🔥🔥🔥🔥🔥🔥🔥🔥🔥🔥,0,2 tahun yang lalu
@Holahola-p7j,Yes,0,2 tahun yang lalu
@abductions-k6j,2️⃣✈️,1,13 hari yang lalu
@TV_KAMIKAZEBOOM,WE ALL LOVE KARL'S MOM,0,2 tahun yang lalu
@Yejiyah8,:0,0,2 tahun yang lalu
@cesarabdelchan8232,Note aguas amamos ala mamá de karls,0,2 tahun yang lalu
@JessicaGuevara-fb5fg,Xeeeeeee,0,2 tahun yang lalu
@gracemarcus6118,Ayo,0,2 tahun yang lalu
@ShockLightYT,Sheesh,0,2 tahun yang lalu
@olgarodeilislormosvelez1387,Ven a venezuela,0,2 tahun yang lalu
@suzanasantos6062,True,0,2 tahun yang lalu
@cortezhanna1057,If you say so,0,2 tahun yang lalu
@katialaboyko1406,Yes sir YES SIR,0,2 tahun yang lalu
@solchavez-nc7um,Yo ya me suscribi😊,0,2 tahun yang lalu
@MikoPlazz,WE LOVE KARL'S MOM!,0,2 tahun yang lalu
@isaaccastro2102,O,0,2 tahun yang lalu
@Rubénno99,Hola,0,2 tahun yang lalu
@Greenbeanvrgt-z4e,Faxxxxxxxxx,0,2 tahun yang lalu
@ZneX_GD,Yes 👻👻👻👍👍👍👍👍,0,2 tahun yang lalu
@silvinarodriguez7370,Yhes,0,2 tahun yang lalu
@gogeta221,Sacer q haces aquí?,0,2 tahun yang lalu
@samarali6453,Ye lol,0,2 tahun yang lalu
@abductions-k6j,2️⃣✈️,1,13 hari yang lalu
@Блоптопвидео,Мистер бист,0,2 tahun yang lalu
@GaySherlockHolmes,We all love Karl’s mom,0,2 tahun yang lalu
@BritneyThurman-up7ru,​@AlfredChan-mw2sieeieiesis,0,2 tahun yang lalu (diedit)
@not-monki,True,0,2 tahun yang lalu
@alvaritocastillo2425,Sacerdote soy tu fan me saludas,0,2 tahun yang lalu
@Baby-tc7nn,That’s true😂😂😂😂🤣😂😂🤣🤣🤣🤣😂😂😂,0,2 tahun yang lalu
@kaebab,Yo también ❤❤❤,0,2 tahun yang lalu
@AngelChaboya,Y no saludas,0,2 tahun yang lalu
@vernolian,Youre definitely right,0,2 tahun yang lalu
@PrezzieJ6028,Yesssszzsassssssssssssada,0,2 tahun yang lalu
@เจษฎาคะเชนทรภักดิ์,อ่าวfcจากไทย,0,2 tahun yang lalu
@fares790,True,0,2 tahun yang lalu
@elfalsodiego-v6k,What,0,2 tahun yang lalu
@grey3149,Yes,0,2 tahun yang lalu
@ThiesVDG,Sus 🤨,0,2 tahun yang lalu
@Theonebananaboy,WE LOVE CARLS MOM!!!!!!!,0,2 tahun yang lalu
@rahelaanghel7986,Exactly thank you ❤️👍🏾,0,2 tahun yang lalu
@paulinavillegas6370,Trur,0,2 tahun yang lalu
@Penguin_Playz12,E,0,2 tahun yang lalu
@abductions-k6j,2️⃣✈️,1,13 hari yang lalu
@Penguin_Playz12,E,0,2 tahun yang lalu
@Penguin_Playz12,E,0,2 tahun yang lalu
@Penguin_Playz12,E,0,2 tahun yang lalu
@Penguin_Playz12,E😊,0,2 tahun yang lalu
@Penguin_Playz12,E,0,2 tahun yang lalu
@Penguin_Playz12,E,0,2 tahun yang lalu
@Penguin_Playz12,E,0,2 tahun yang lalu
@Penguin_Playz12,E,0,2 tahun yang lalu
@Penguin_Playz12,E,0,2 tahun yang lalu
@Penguin_Playz12,E,0,2 tahun yang lalu
@Penguin_Playz12,E,0,2 tahun yang lalu
@Penguin_Playz12,E,0,2 tahun yang lalu
@Penguin_Playz12,E,0,2 tahun yang lalu
@yaninaaravena1638,😂,0,2 tahun yang lalu
@xenia_avanza234,Yeah,0,2 tahun yang lalu
@MedoraWhite,We do,0,2 tahun yang lalu
@IzzyBella712Noneofyobusiness,Yes,0,2 tahun yang lalu
@lordly-boss9,Last,0,2 tahun yang lalu
@ale2812l,Sacer😮,0,2 tahun yang lalu
@abductions-k6j,2️⃣✈️,1,13 hari yang lalu
@RubyMintz,Yup,0,2 tahun yang lalu
@Nicobelike,Yes 2:32,0,2 tahun yang lalu
@kuldeeppathakkdrewa5188,And nolan mom❤,0,2 tahun yang lalu
@rimee.93k,Ratio,0,2 tahun yang lalu
@Titan_Drill-upgrade8,Que haces aca sacer,0,2 tahun yang lalu
@Lava-i3g,Very true,0,2 tahun yang lalu
@alexsihanlin6216,Xd,0,2 tahun yang lalu
@علي-ج4ك1غ,🎉🎉🎉❤❤❤❤❤❤❤❤❤❤❤😂❤❤❤❤❤❤❤❤❤❤😊😊😊😊الو مساء خير 😊😊😅😊😊😊😅😅😅,0,2 tahun yang lalu
@crackedc0de242,yes,0,2 tahun yang lalu
@kcered9786,Yes dude,0,2 tahun yang lalu
@deisylopez9768,Soy tu fan sacercervantes,0,2 tahun yang lalu
@janethorrala8476,Yes we all love karl’l s mom,0,2 tahun yang lalu
@Pizzashorts,True,0,2 tahun yang lalu
@AsimAli-dh4wx,Ayo your weird,0,2 tahun yang lalu
@AsimAli-dh4wx,Ayo your weird,0,2 tahun yang lalu
@AsimAli-dh4wx,Ayo your weird,0,2 tahun yang lalu
@AsimAli-dh4wx,Ayo your weird,0,2 tahun yang lalu
@AsimAli-dh4wx,Ayo your weird,0,2 tahun yang lalu
@AsimAli-dh4wx,Ayo your weird,0,2 tahun yang lalu
@abductions-k6j,2️⃣✈️,1,13 hari yang lalu
@AsimAli-dh4wx,Ayo your weird,0,2 tahun yang lalu
@AsimAli-dh4wx,Ayo your weird,0,2 tahun yang lalu
@HouseEa101,Fr,0,2 tahun yang lalu
@SundusJama-wd8ek,Yh,0,2 tahun yang lalu
@darkhair200,Lol😂,0,2 tahun yang lalu
@Mahix-c4v,Yea,0,2 tahun yang lalu
@LinethEstrada-ip9tj,Hola soy tu fan,0,2 tahun yang lalu
@shaecoote4580,😂,0,2 tahun yang lalu
@Tocinitoaguacatito,Que haces aquí wey,0,2 tahun yang lalu
@adelinacorona3077,wey que haces aqui tu hablas español,0,2 tahun yang lalu
@LKiraaThreeThreeFour,Yes,0,2 tahun yang lalu
@LKplayz9,Yes,0,2 tahun yang lalu
@Kula_Reymond,True tho 🙃,0,2 tahun yang lalu
@karinaruizalanez5846,😢Si,0,2 tahun yang lalu
@noooooooooo-goaway,YESSS LOL,0,2 tahun yang lalu
@louisepissanos3595,Oh yes,0,2 tahun yang lalu
@Jere_949,Yes,0,2 tahun yang lalu
@iMizzy777,YEP,0,2 tahun yang lalu
@Jollycat-bn9ed,karly,0,2 tahun yang lalu
@abductions-k6j,2️⃣✈️,1,13 hari yang lalu
@KhaledLjdlkf,True,0,2 tahun yang lalu
@maclo1529,true 5th,0,2 tahun yang lalu
@AlanLopez-p6f,We all love karl's mom,0,2 tahun yang lalu
@that1contentguy,True,0,2 tahun yang lalu
@린피잉,yes lol,0,2 tahun yang lalu
@Itsme_Cooper,Lol,0,2 tahun yang lalu
@ステス0226,True,0,2 tahun yang lalu
@hananehicham2473,BRO yo soy tu fan número 1y eres latino no el que cossa de miedo,0,2 tahun yang lalu
@GokuVela,Cierto    xd,0,2 tahun yang lalu
@CU153D_VR,Yes,0,2 tahun yang lalu
@RabbyRunkey,True,0,2 tahun yang lalu
@nhapnhap7925,Lol,0,2 tahun yang lalu
@nhapnhap7925,Lol,0,2 tahun yang lalu
@Хутяхатя,0:02 нет,0,2 tahun yang lalu
@MirejuegosRoblox,Yes,0,2 tahun yang lalu
@DynamicDiscoverieswithMark,Yes,0,2 tahun yang lalu
@Yanusik-gp7cp,Yes,0,2 tahun yang lalu
@حسامالعلي-ك4ظ,Hier vind je het paradijs,0,2 tahun yang lalu
@mohammedshahid1277,😅,0,2 tahun yang lalu
@abductions-k6j,2️⃣✈️,1,13 hari yang lalu
@Marcopereira2567,Que haces acá? Y comentando en inglés,0,2 tahun yang lalu
@ericabontrager7781,Lol yeah,0,2 tahun yang lalu
@jenniferlongstreet138,Yea,0,2 tahun yang lalu
@TamaraDennison-w7c,We love Karl’s momma !!,0,2 tahun yang lalu
@zambranamendezfaviola5547,Fr,0,2 tahun yang lalu
@Kawaii.Potato,YESSSSSSS,0,2 tahun yang lalu
@williamshakesuk1,yes,0,2 tahun yang lalu
@sha_229-zn4rm,Рерр,0,2 tahun yang lalu
@deiamartins2098,Yeah lol,0,2 tahun yang lalu
@m3l_mel_XD,Fr,0,2 tahun yang lalu
@AnanyaArora-h2m,W edds,0,2 tahun yang lalu
@juniperhome5984,YEAAAA,0,2 tahun yang lalu
@SierraJeanine17,Yes we do,0,2 tahun yang lalu
@DoomsDay-ys1ki,What about Nolan’s mom lol,0,2 tahun yang lalu
@67zqck,yep,0,2 tahun yang lalu
@marianaguillarmenc3606,yes,0,2 tahun yang lalu
@quir07,Yeah,0,2 tahun yang lalu
@loridamis1109,Of course we all love her,0,2 tahun yang lalu
@alisiksgacha,ХАХАХААХА Я ТОЖЕ!  in inglish:  HAHAHAHA ME TOO!,0,2 tahun yang lalu
@abductions-k6j,2️⃣✈️,1,13 hari yang lalu
@LuisangelRentasbautista-cc2bh,Si es cierto 😂😂😂,0,2 tahun yang lalu
@maiaselmo10,Soy tu fan❤,0,2 tahun yang lalu
@Aleminvalenzue,Sacercervantes?!😨,0,2 tahun yang lalu
@hiiii_snowlovesyall,Yeah,0,2 tahun yang lalu
@samiasmailpour,Yea,0,2 tahun yang lalu
@mayralezama5854,Hala soy tu fan,0,2 tahun yang lalu
@QLM420,Yeye,0,2 tahun yang lalu
@ВераБогомолова-й1ж,Lol,0,2 tahun yang lalu
@wowzerzGMD-yxz51,indeed we do,0,2 tahun yang lalu
@AliDarwich-h2s,Ofcourse,0,2 tahun yang lalu
@GuillermoVazquez-c1c,yes,0,2 tahun yang lalu
@ЕленаСарычева-у4ъ,Мистер бистер лучший,0,2 tahun yang lalu
@isabeltorres8794,1:20,0,2 tahun yang lalu
@Angel_dust0012,Ikr?,0,2 tahun yang lalu
@Ramdom199,exact,0,2 tahun yang lalu
@MurtaMac,🤣,0,1 tahun yang lalu
@A_Deadly_Cheese,We love Karl's mom!,0,1 tahun yang lalu
@tuyetminh7156,Yes,0,1 tahun yang lalu
@keekeed9489,TRUE!,0,1 tahun yang lalu
@abductions-k6j,2️⃣✈️,1,13 hari yang lalu
@shuchikhanduja9734,@AlfredChan-mw2si😊,0,1 tahun yang lalu (diedit)
@based4eva.44,yep,0,1 tahun yang lalu
@Moonfeather-i4r,We love Karl’s mom,0,1 tahun yang lalu
@rhysgamingytreal,Karl's mom 😂😂😂😂😂😂,0,1 tahun yang lalu
@강태희-t5r,Yes lol,0,1 tahun yang lalu
@Halloweeny_cat,LOL YES,0,1 tahun yang lalu
@mustaphajaiteg,TRUE 😊,0,1 tahun yang lalu
@Chimichanga50,Ok,0,1 tahun yang lalu
@Anasnoorgaming.,Me too,0,1 tahun yang lalu
@sonytv4233,On god,0,1 tahun yang lalu
@Betrayed-1x135,True,0,1 tahun yang lalu
@Strick2039,Fr,0,1 tahun yang lalu
@GanaSeelan-v3p,Yes,0,1 tahun yang lalu
@Kanye_East0821,No we hearts karls mom,0,1 tahun yang lalu
@ModhusudunParamanik-rd9zr,Wealllovekarlsmom,0,1 tahun yang lalu
@KaiserKami_神,Ayo?,0,1 tahun yang lalu
@Janebabyc,We? Naw jit js u,0,1 tahun yang lalu
@tenor7107,Lol,0,1 tahun yang lalu
@JennyPilguave,Hola te siguo,0,1 tahun yang lalu
@abductions-k6j,2️⃣✈️,1,13 hari yang lalu
@Isabellapacheo8802,web all love karl's mom ❤😊😊 love you,0,1 tahun yang lalu
@joelsonbitencourt3224,True,0,1 tahun yang lalu
@UrKPopQueen2007,We love karl's mom,0,1 tahun yang lalu
@valdemarnørgaard,True,0,1 tahun yang lalu
@hasnaaamz9110,C'est trop bien,0,1 tahun yang lalu
@Tcan612-07,heck yeah,0,1 tahun yang lalu
@salveburce9130,Ayo📸🤔,0,1 tahun yang lalu
@Iamchrisla,Yes,0,1 tahun yang lalu
@Sarocha-es7or,u?,0,1 tahun yang lalu
@Corbeane,WE ALL DO,0,1 tahun yang lalu
@theatman2000,we sure do,0,1 tahun yang lalu
@Rip_Egor4ik,i love karl's mom,0,1 tahun yang lalu
@kuku.kg.6002,50000000000,0,1 tahun yang lalu
@Jihyolinho,Yep,0,1 tahun yang lalu
@Alangamer313,Pa cuando juegas a la guija en el cementerio,0,1 tahun yang lalu
@LoanNguyen-w5p,❤😂😂🎉,0,1 tahun yang lalu
@LoanNguyen-w5p,❤😂🎉😢,0,1 tahun yang lalu
@ЕленаГлушкова-ь8б,лого,0,1 tahun yang lalu
@I_Make_Football_Content,AMWN,0,1 tahun yang lalu
@abductions-k6j,2️⃣✈️,1,13 hari yang lalu
@TheCatBoss7,Same!,0,1 tahun yang lalu
@nikhil0029,Yes,0,1 tahun yang lalu
@AverageLazyGuy17,True,0,1 tahun yang lalu
@kishankanoth26a,Nah bro nolan’s mom solos,0,1 tahun yang lalu
@Pooshka277,Ага,0,1 tahun yang lalu
@joannatuazon7030,Yes,0,1 tahun yang lalu
@Aureja2996,Wow,0,1 tahun yang lalu
@Randomuseridklol,Yes,0,1 tahun yang lalu
@butterdogguy,Facts,0,1 tahun yang lalu
@C4nn0th3lp1T,YES,0,1 tahun yang lalu
@agneezieify,True but the Nolan’s mom jokes are so funny 😂😂😂😂😂,0,1 tahun yang lalu
@chickenlittle-ll,Fr,0,1 tahun yang lalu
@chickenlittle-ll,Fr,0,1 tahun yang lalu
@ezrathehelper1776,Me to,0,1 tahun yang lalu
@raulbarrientos-cz5zj,LAbos,0,1 tahun yang lalu
@wennycoplin3211,Mrbeast tengo tu chocolate  Ya lo probé no lo podía creer es la primera vez que lo pruebo  👌👌👌👌👌👌👌✌️✌️✌️✌️✌️✌️✌️🤛🤛🤛🤛🤛🤛🤛❤❤❤❤❤❤❤❤❤😊😊😊😊😊😊😊😊😊😊😊,0,1 tahun yang lalu
@Cynnah_Cat,No nah,0,1 tahun yang lalu
@wywyspidey,Yrrr,0,1 tahun yang lalu
@jimmyli7430,yeah,0,1 tahun yang lalu
@abductions-k6j,2️⃣✈️,1,13 hari yang lalu
@StubbCanadian_YT,KARL'S MOM I LOVE YOU,0,1 tahun yang lalu
@MariaCruz-bt6ko,True,0,1 tahun yang lalu
@RakaiAzkaMaulana,You know from the blimp,0,1 tahun yang lalu
@ErosChen-hs2he,It’s till going,0,1 tahun yang lalu
@TeamAgelavuMedia,Yea,0,1 tahun yang lalu
@Brooklyn7889brookee,You,0,1 tahun yang lalu
@isab3l13-p7l,Yes we love her,0,1 tahun yang lalu
@60no,no,0,1 tahun yang lalu
@catherinezhang7918,Me too 12:20,0,1 tahun yang lalu
@pamelaokello,Ya true,0,1 tahun yang lalu
@cesmeli_333,Que ablas English jajajaja son Buenos tus videos,0,1 tahun yang lalu
@____secret__bird____9002,Am also love Karl's mom❤,0,1 tahun yang lalu
@Itznaruto69,Fr,0,1 tahun yang lalu
@pelsun,패드립 아니야?,0,1 tahun yang lalu
@TheUlises29,☝🏼😭,0,1 tahun yang lalu
@JairoCardosodossantos,Turma Minecraft vem tá mamãe eu só vou ir deitar aqui no sofá com o pudim tá,0,1 tahun yang lalu
@awesomepotato-4B1,Indeed,0,1 tahun yang lalu
@cathebricker550,XD,0,1 tahun yang lalu
@Chillwire2426,Yeahhh,0,1 tahun yang lalu
@abductions-k6j,2️⃣✈️,1,13 hari yang lalu
@johnhurlock6125,What,0,1 tahun yang lalu
@General_Apolo,Yup lmao,0,1 tahun yang lalu
@Lilyplays-oc8tx,691th lol,0,1 tahun yang lalu
@MarizolmartiresBarrientos,Sacerrr,0,1 tahun yang lalu
@sandeshnalawade1032,Yes,0,1 tahun yang lalu
@not_zack4,Yeah.,0,1 tahun yang lalu
@Herayda942,To te sigo cesar,0,1 tahun yang lalu
@Harryplayzgames1,Im the last comment!,0,1 tahun yang lalu
@Harryplayzgames1,Im the last comment!,0,1 tahun yang lalu
@Harryplayzgames1,Im the last comment!,0,1 tahun yang lalu
@Harryplayzgames1,Im the last comment!,0,1 tahun yang lalu
@Harryplayzgames1,Im the last comment!,0,1 tahun yang lalu
@Harryplayzgames1,Im the last comment!,0,1 tahun yang lalu
@Harryplayzgames1,Im the last comment!,0,1 tahun yang lalu
@Harryplayzgames1,Im the last comment!,0,1 tahun yang lalu
@valentinazeledon4993,Hola mister bis  soi de megico🇲🇽,0,1 tahun yang lalu
@valentinazeledon4993,Te quiero,0,1 tahun yang lalu
@CobyConway,We to,0,1 tahun yang lalu
@lanareynolds3068,it’s karl’s mum,0,1 tahun yang lalu
@abductions-k6j,2️⃣✈️,1,13 hari yang lalu
@marcetfarid6572,HAHAHAHAHAHAHAHAHAHAHAHAHHAHAHAHAHAHAHHAHAHAHHAHAHAHAHA,0,1 tahun yang lalu
@Galaxyvr119,Espera tu eres sacercervantes,0,1 tahun yang lalu
@Tu_Brosito,El sacer xdd,0,1 tahun yang lalu
@VALLE_6,Hola,0,1 tahun yang lalu
@Starrose2304,We yes we all love Karl’s mom,0,1 tahun yang lalu
@JackTanowitz,Were,0,1 tahun yang lalu
@JackTanowitz,Hell yeah yeah,0,1 tahun yang lalu
@rh0an07,Agree,0,1 tahun yang lalu
@Dadodelmonopoly24,Are you really forgetting nolan’s mom?,0,1 tahun yang lalu
@bennns,Jimmy? 2:39,0,1 tahun yang lalu
@CrimsonguyVR,YES,0,1 tahun yang lalu
@alizbhai5490,Yeah 🎉😊,0,1 tahun yang lalu
@El_sitio_de_rex_Ignacio_gajard,Who not,0,1 tahun yang lalu
@nolive19,Agreed,0,1 tahun yang lalu
@cachimbatvchilenoticias9930,Sacer Cervantes!? No manches soy tu faaan!!,0,1 tahun yang lalu
@romagamer66,sacer sos vos,0,1 tahun yang lalu
@KatypaolaLópezsantamaria,Si essito,0,1 tahun yang lalu
@Muerte-rx9el,Bruh,0,1 tahun yang lalu
@PureColombiancoke,We love Karl’s mom,0,1 tahun yang lalu
@abductions-k6j,2️⃣✈️,1,13 hari yang lalu
@angelacarton7515,Teem true,0,1 tahun yang lalu
@hiSosYT,I❤Karl's Mom,0,1 tahun yang lalu
@danielvalencia1763,Lol,0,1 tahun yang lalu
@WilliamAfton273,I dont,0,1 tahun yang lalu
@Just_Kimmy3289,Lol,0,1 tahun yang lalu
@PraveerXD510,nah,0,1 tahun yang lalu
@KaraCvechko,Frfr,0,1 tahun yang lalu
@Muchu-28,Solo nosotros abramos español 😂,0,1 tahun yang lalu
@EmanaV,I prefer Nolan's mom cuz she's bigger than Earth😊,0,1 tahun yang lalu
@mjnhetofrancisco7554,Yea😂😂😂😂😂❤❤❤❤❤❤❤❤😂😂😂😂😂😂😂,0,1 tahun yang lalu
@RAJPUT_GAMING76,In which type 🤨🤨,0,1 tahun yang lalu
@Danz_fn,😂😂😂😂,0,1 tahun yang lalu
@BennJarvis,YES,0,1 tahun yang lalu
@Emelysalome,Sésar no te hagas tú sabes hablar español,0,1 tahun yang lalu
@thatonefootyeditor,Ikr,0,1 tahun yang lalu
@ГоджоГрей-з6н,А ты ещё кто,0,1 tahun yang lalu
@KlypesYT,Yesserrrrrrrrrrrrrrrrrrrrrrrrrrrrrr😂😂😂😂😂😂😂😂😂😂,0,1 tahun yang lalu
@diegochavez3243,Sacer?,0,1 tahun yang lalu
@Cheapvoid,Yes sir,0,1 tahun yang lalu
@abductions-k6j,2️⃣✈️,1,13 hari yang lalu
@eggsrants,Agreed❤,0,1 tahun yang lalu
@heiyulam,Oh! Really?,0,1 tahun yang lalu
@JennKnuth,Yasss,0,1 tahun yang lalu
@user-qr7tj8bo8t,Yes,0,1 tahun yang lalu
@Ninja-pokemon,Eras mi idolo😢,0,1 tahun yang lalu
@tomfin,Yes we all do LOL,0,1 tahun yang lalu
@estilabreinrok,Hola sacer:D,0,1 tahun yang lalu
@suezhong5804,YEA YES ❤ MOM COME!,0,1 tahun yang lalu
@Jakai-f6v,Yes,0,1 tahun yang lalu
@BreadVRGT67,Agreed,0,1 tahun yang lalu
@fansdeplech277,Hola sacer😅😮,0,1 tahun yang lalu
@ayeleneyasi880,hola sacercervantes yo soy celeste tu suquitora,0,1 tahun yang lalu
@josbagja6749,Yaga,0,1 tahun yang lalu
@Tudriftero,Bro💀 que ases aquí,0,1 tahun yang lalu
@GaluhKana,Kamu dari Indonesia,0,1 tahun yang lalu
@MidnightAce-1,Fr😊,0,1 tahun yang lalu
@jessicaumanzor5749,Ahh is him hello! 🤗,0,1 tahun yang lalu
@64.000,yeah,0,1 tahun yang lalu
@MabelFernandez-w3s,Yes,0,1 tahun yang lalu
@abductions-k6j,2️⃣✈️,1,13 hari yang lalu
@jhunmoralde5552,lol,0,1 tahun yang lalu
@Robinssgaming,Yeah we do,0,1 tahun yang lalu
@Finlozaaaz,True,0,1 tahun yang lalu
@RealYoSavage,Yes,0,1 tahun yang lalu
@unkownusername-q3d,me,0,1 tahun yang lalu
@rustymetal-q1t,Yeah,0,1 tahun yang lalu
@keyo619,😮😮😮😮😮😮😊😊😊😊,0,1 tahun yang lalu
@jeanfisard9382,Djamel adi,0,1 tahun yang lalu
@Sunlightandmoonlight-w7l,Yas lol,0,1 tahun yang lalu
@JandelXSammy_fan,Soy tu fan sacer!,0,1 tahun yang lalu
@katieodom43,Ture dat,0,1 tahun yang lalu
@RedstoneRealm309,Auo,0,1 tahun yang lalu
@thor_2546,True,0,1 tahun yang lalu
@Creadorgeo,Sacerdotes?,0,1 tahun yang lalu
@amandafowler8111,Yes we do who doesn't,0,1 tahun yang lalu
@AizenfruitsYT,Sesar eres tu,0,1 tahun yang lalu
@angelemanuelbondarchuk1143,XD SACER QUE HACES AQUI NO MAMES,0,1 tahun yang lalu
@tahseenanwar009,Fr,0,1 tahun yang lalu
@marcusgrummt5302,Nolan ❤❤❤❤❤❤❤,0,1 tahun yang lalu
@abductions-k6j,2️⃣✈️,1,13 hari yang lalu
@EvelynGranadosJimenez,0:56,0,1 tahun yang lalu
@La_taza_mayor,Sacer que haces acá,0,1 tahun yang lalu
@Evansz-q1w,Sacer,0,1 tahun yang lalu
@Wazup-e762,Jonathan porfin,0,1 tahun yang lalu
@Dominicftart,😂 😂,0,1 tahun yang lalu
@JadZaherldeen,Do you now Karl's mom???,0,1 tahun yang lalu
@ErnaMarliana-c4v,Bnsu😊😊😊js❤❤,0,1 tahun yang lalu
@Foxy_EDITS__999,Yes,0,1 tahun yang lalu
@Matvii-supergamer,And Nolan's mom,0,1 tahun yang lalu
@Кирилл-и4ю5т,Hahaha Yes,0,1 tahun yang lalu
@eat_pencils,lol,0,1 tahun yang lalu
@Cool_guy-o6y,We do,0,1 tahun yang lalu
@javiersba-m9d,Queee,0,1 tahun yang lalu
@shed547,No,0,1 tahun yang lalu
@AnaBerthaRubio-lg4pg,Yes,0,11 bulan yang lalu
@HojoratAli-x3o,₹10.00  😊🎉,0,11 bulan yang lalu
@chascop1,Haha😂,0,11 bulan yang lalu
@YahyaKamewal,Lol,0,11 bulan yang lalu
@SteveKesler-pk6ch,:face-purple-wide-eyes:,0,11 bulan yang lalu
@abductions-k6j,2️⃣✈️,1,13 hari yang lalu
@HarBearclaw,Yep,0,11 bulan yang lalu
@montymonty3822,I don't but I love ur videos,0,11 bulan yang lalu
@mariellareiman9175,FR,0,11 bulan yang lalu
@ginasanch,❤,0,11 bulan yang lalu
@CocoAva-q9e,Fr,0,11 bulan yang lalu
@blancagodinez1768,Soy tu fan sacer,0,11 bulan yang lalu
@jhonnyarana9192,Veee saceer,0,11 bulan yang lalu
@izaanslittleheroezz5834,Hahah,0,11 bulan yang lalu
@farjanasathi6812-g2w,FR,0,11 bulan yang lalu
@GojoLover116,I don't....,0,11 bulan yang lalu
@PRIYANISHAD-u9r,🤔,0,11 bulan yang lalu
@ramakrishnarodda9469,Your 🇮🇳come😊❤👍😅,0,11 bulan yang lalu
@Escuadrachorizo-d7m,Comooooo?,0,11 bulan yang lalu
@SkelemPlayzRBLXYT,"WE, LOVE, KARL’S, MOM!!!!!!!!!",0,11 bulan yang lalu
@RLghosts,In what way?,0,11 bulan yang lalu
@herctorrodolfocoronel5879,Si,0,11 bulan yang lalu
@Kids-qk9hg,"That,s not true 🚫🚫",0,11 bulan yang lalu
@Kids-qk9hg,The 10’000 dollar bill airplane is insane ❤😮,0,11 bulan yang lalu
@Icecreamzombie6,Bio,0,11 bulan yang lalu
@abductions-k6j,2️⃣✈️,1,13 hari yang lalu
@LY1X_xx,Me ofcorse,0,11 bulan yang lalu
@LuisGaelVillanuevaHernándezHer,Tu hablas español 😅,0,11 bulan yang lalu
@ARACELY-p8j,"Yes we all love Karl""s mom 😂",0,11 bulan yang lalu
@lookatstul,Nolan's,0,11 bulan yang lalu
@RasmusPoder,We love nolens mom,0,11 bulan yang lalu
@민규성-h5z,와우,0,11 bulan yang lalu
@Welpimdead,I LOVE CARLS MOM!,0,11 bulan yang lalu
@mateoalegre-zp7nh,Para sacer,0,11 bulan yang lalu
@ElizabethManjo,OmgYES KARLS MOM IS THE BEST NO JOKE,0,11 bulan yang lalu
@supermarionoob,Because they made feastables,0,11 bulan yang lalu
@출출한물범,nononononononononononononononononononononononononononononononononono                                                                                no!!!!!!!!!!!,0,11 bulan yang lalu
@Alexroblo,Saceerrrrr!!!!❤,0,11 bulan yang lalu
@kstevens729,Yeah so true,0,10 bulan yang lalu
@kstevens729,Me too,0,10 bulan yang lalu
@frankellvasquez6553,Dirección por donde fue la Policía Mildred en ocotal Enviar,0,10 bulan yang lalu
@Muriloedits-e8f,I too,0,10 bulan yang lalu
@OsamaAlhamdi-n2m,وانا احب والدة نولان 😂,0,10 bulan yang lalu
@litonbiswas5409,Ayo,0,10 bulan yang lalu
@Zactheking141,WE LOVE KARLS MOM 👏👏👏👏👏 WE LOVE KARLS MOM 👏👏👏👏👏,0,10 bulan yang lalu
@josearmandocaamalkumul,Saludos sacer 👍,0,10 bulan yang lalu
@abductions-k6j,2️⃣✈️,1,13 hari yang lalu
@EmiGolazoTv,True,0,10 bulan yang lalu
@onnieneally494,Yes,0,10 bulan yang lalu
@ArelOzel,TUNG TUNG TUNG SAHUR,0,10 bulan yang lalu
@spiroareiro1260,Fr,0,10 bulan yang lalu
@alfonsomartinez3963,Sacer😧,0,10 bulan yang lalu
@Amah-88,Yes,0,10 bulan yang lalu
@andyadael,ora sacer ehh,0,10 bulan yang lalu
@roa9803,Soy tu fan cesar,0,10 bulan yang lalu
@marcoazevedo7885,true,0,10 bulan yang lalu
@eunseokkim2815,Yes,0,10 bulan yang lalu
@gisellasalazarsantos8049,Ppmere a hablar español todos sabemos que hablas español 🚬🗿👍,0,10 bulan yang lalu
@Athlete-man,No I don’t,0,10 bulan yang lalu
@user-we9gn9ix3e,True.,0,10 bulan yang lalu
@lisbeth2455,Wey que haces aca,0,10 bulan yang lalu
@MariadejesusBueno-b6t,Hola tu fan,0,10 bulan yang lalu
@elprooficiaI,Yes,0,10 bulan yang lalu
@Jordaniy28,Sacer pero tu no ere español y está hablando inglés,0,10 bulan yang lalu
@karolmarcano-4o3,Yo soy tu fan we veo tus shorts casi diario 上次顯示器下降趨勢,0,10 bulan yang lalu
@KianJones-o6u,Yeeee,0,10 bulan yang lalu
@abductions-k6j,2️⃣✈️,1,13 hari yang lalu
@soalugpemelendezcarrillo3025,Hola ❤❤❤,0,10 bulan yang lalu
@ThierryMP-oo9xl,🙀,0,10 bulan yang lalu
@Андрейпельмень-и1с,Yes bro,0,10 bulan yang lalu
@Vanz_lyy,Trueee,0,10 bulan yang lalu
@LosPanchos829,Hola sacer,0,9 bulan yang lalu
@AviationSquads,Noah is. Better,0,9 bulan yang lalu
@Itsmegoko_sssjreal,Yes,0,9 bulan yang lalu
@Soo-hyuk17,Hola,0,9 bulan yang lalu
@Lucas-2526,We do,0,9 bulan yang lalu
@XandersinGamer,PERO SACER-,0,9 bulan yang lalu
@Superpoblano,Holaaaaaaaaaaaaaaaa saseeeeeeeeeeeeeeeeer❤❤❤❤,0,9 bulan yang lalu
@djdelosreyes865,Yes true,0,9 bulan yang lalu
@Canguril,Xd,0,9 bulan yang lalu
@edgarnoemoralesagurto4557,We all love Karls' mom,0,9 bulan yang lalu
@itzz_as14ma,Yeahhh boi,0,9 bulan yang lalu
@MarjanAhmrd-x4d,পচ ড়াটাকা,0,9 bulan yang lalu
@MarjanAhmrd-x4d,500,0,9 bulan yang lalu
@heohau7970,helo,0,9 bulan yang lalu
@ICEE_VR3,Yes indeed,0,9 bulan yang lalu
@abductions-k6j,2️⃣✈️,1,13 hari yang lalu
@adrianGustavoNuñezamador,"Who wouldn't love her, I love her too",0,9 bulan yang lalu
@desirae1990,Fr,0,9 bulan yang lalu
@desirae1990,Fr,0,9 bulan yang lalu
@the_heartbroken9,No mames XDDD,0,9 bulan yang lalu
@dorasahih7332,Yes 😂,0,9 bulan yang lalu
@Mazhar-lifestyle,We do❤❤❤,0,9 bulan yang lalu
@youman-h2d,True,0,9 bulan yang lalu
@Buglem-m3m,Siktir,0,9 bulan yang lalu
@Buglem-m3m,Ups,0,9 bulan yang lalu
@Buglem-m3m,Mal,0,9 bulan yang lalu
@Buglem-m3m,Köpek,0,9 bulan yang lalu
@AltafRamadhan-j3w,No,0,9 bulan yang lalu
@ZacheryAceAberilla,and we all love Nolan’s mom,0,9 bulan yang lalu
@laundryguy2015,Yeah,0,9 bulan yang lalu
@EXSIRAA11,Soy tu fan sacer😭😭🗣️🔥🔥,0,9 bulan yang lalu
@siuuu-t6n,Me,0,9 bulan yang lalu
@lauragalloway162,Fr,0,8 bulan yang lalu
@redemibelmcp,TODOS AMAMOS A MÃE DO KARL,0,8 bulan yang lalu
@evakhoza1755,AHHAHAHA  yeah we love karl's mom,0,8 bulan yang lalu
@abductions-k6j,2️⃣✈️,1,13 hari yang lalu
@CiroCenas,E hola pa cuando talkin obama,0,8 bulan yang lalu
@elarrasa7404,😅,0,8 bulan yang lalu
@Soycaleb1,Sacer no manches xdd,0,8 bulan yang lalu
@andiejoe416,Yup! 😂❤😊,0,8 bulan yang lalu
@michaelkraus4101,Agreed,0,8 bulan yang lalu
@Iago-t7f,Rumo 500 milhões de inscritos,0,8 bulan yang lalu
@wataruteshigawara2894,ＢRＯ,0,8 bulan yang lalu
@高斯SaMa,wow😂,0,8 bulan yang lalu
@Gen_pixel-s5c,yummy,0,8 bulan yang lalu
@nicki-echick-e7946,SameXD,0,8 bulan yang lalu
@Lego_Animacje_123,💀,0,8 bulan yang lalu
@ceciliagiselcamilomorales5175,Ala pero que haces aquí bro eres un mexicano,0,8 bulan yang lalu
@carlosquinonez9,Xd,0,8 bulan yang lalu
@HerreraAliaha,Oya mi hermana se llama andrea pero yo le digo ayea 😂😂😂😂😂😂🍙🍙🍜🍜😘😘,0,8 bulan yang lalu
@EMIX_-OF,No me engañas bro tú hablas español🔥,0,8 bulan yang lalu
@MarthaReyes-e4n,Ven a Honduras,0,8 bulan yang lalu
@MarthaReyes-e4n,Hello      Mrtbeast,0,8 bulan yang lalu
@RandomGuy-t7c,bruh………………………,0,8 bulan yang lalu
@Danielplayz-j8g,Dude where do you get all this money from 😮,0,8 bulan yang lalu
@abductions-k6j,2️⃣✈️,1,13 hari yang lalu
@TheNewRealMelody-the-Gacha,YIPE! Yes! ❤,0,8 bulan yang lalu
@Lizzybear3636,Yea fr,0,8 bulan yang lalu
@김빱-t1w,❤,0,8 bulan yang lalu
@MrBanderollo,I went on a dare with  karls mom,0,8 bulan yang lalu
@DaddyRenex,Frrrrrrrrrrrrrrr,0,8 bulan yang lalu
@franciscojesusguerrerovela1845,Saludos😊,0,8 bulan yang lalu
@Monkidigufi,Yes🗿🗿🗿🗿🗿🗿,0,8 bulan yang lalu
@VANESSACAEH,True,0,8 bulan yang lalu
@SSarahSupardan,W,0,8 bulan yang lalu
@PlaneTyche11,WE ❤ KARL’S MOM!!,0,8 bulan yang lalu
@Mini_EN20,Un volé 250 Dinnare,0,8 bulan yang lalu
@vdamo993,Yeah!,0,8 bulan yang lalu
@HasanAtaya-c6r,😂😂😂😂😂😂😂😂😂,0,8 bulan yang lalu
@MarcoantonioFloresespinosa,Musica,0,8 bulan yang lalu
@ArdillaCruzCruzcabrera,Bro lo ubieras puesto en español,0,7 bulan yang lalu
@manas12chv,❤,0,7 bulan yang lalu
@Marcusbear11,frfr,0,7 bulan yang lalu
@thienmycute,LOL😂,0,7 bulan yang lalu
@YNNV_REMiXX,I love Karl's mom,0,7 bulan yang lalu
@abductions-k6j,2️⃣✈️,1,13 hari yang lalu
@Scream_gamer-yt,Jajajajajajajaajaajajajaajaajaaj😂,0,7 bulan yang lalu
@Piggy-0145,Do you Nolans Mom,0,7 bulan yang lalu
@ducky.andyellow,😢😢😢😢mujhy be sr dooo plz,0,7 bulan yang lalu
@hanzadee80,COME TO ÇEŞME İN OUR POOL,0,7 bulan yang lalu
@Iñigol_12,Sacer????,0,7 bulan yang lalu
@ytph_hsrek,que haces aquí sacer,0,7 bulan yang lalu
@AaimaFahim,Yes we all,0,7 bulan yang lalu
@Axelelmasinsanini,SACER?,0,7 bulan yang lalu
@Noo-654,Yes,0,7 bulan yang lalu
@AlbertoHuanaticotintaya,"¿ Sacer , erres tu ?",0,7 bulan yang lalu
@MASMAS-v7f,NOOOOOOOOOOO OOOOOOOOOOOO,0,7 bulan yang lalu
@Northtowerwtc,She is pretty 😍😍😍,0,7 bulan yang lalu
@Dashcurse,Sacer xddd,0,7 bulan yang lalu
@FARESALIGMAIL,Yeah 🎉,0,7 bulan yang lalu
@natalianati2209,I guess we all have no choice it said I love Karl’s mom😂,0,7 bulan yang lalu
@Kroqo-w6x,Hahahah😂,0,7 bulan yang lalu
@SebasGarcía-p8u3r,Yo casi veo tus videos,0,7 bulan yang lalu
@Vediaviationkid,It’s all fun and games until he sees it,0,7 bulan yang lalu
@FurkanDincerov,Hello,0,7 bulan yang lalu
@abductions-k6j,2️⃣✈️,1,13 hari yang lalu
@dylanjesusramirezislas2758,I am zozo,0,7 bulan yang lalu
@Shape-Universe,Indeed,0,7 bulan yang lalu
@jeekboonyap6917,WE LOVE KARL’S MOM,0,7 bulan yang lalu
@GokublackInaano,Sacer enserio,0,7 bulan yang lalu
@박수이-n6s,나도,0,7 bulan yang lalu
@ChrisMilton-c2m,And John Cena,0,7 bulan yang lalu
@floppi-b8f,SAC bienvenido,0,7 bulan yang lalu
@tochosaldana3344,5:0,0,7 bulan yang lalu
@Hayderthat1guy,Ya lol,0,7 bulan yang lalu
@Lucky_42-f45,Are you sure 🤨📸,0,6 bulan yang lalu
@ONEs56,Sacercervantes saquaste el inglés de repente xddd❤,0,6 bulan yang lalu
@JazmineC-h2q,Yea we do,0,6 bulan yang lalu
@OFFICALJ,Exactly,0,6 bulan yang lalu
@ChristoperDiaz-y2j,Yes sir,0,6 bulan yang lalu
@Lilgremlin15,Yeaaa,0,6 bulan yang lalu
@Ricky-i2s4t,Haa,0,6 bulan yang lalu
@happykozy9884,Visit Tanzania,0,6 bulan yang lalu
@FamiliaLermaCordero,Sacers cervantes  soy  fan😊,0,6 bulan yang lalu
@FamiliaLermaCordero,Sasers  cervantes  soy  fan❤🎉😊,0,6 bulan yang lalu
@abductions-k6j,2️⃣✈️,1,13 hari yang lalu
@KoZoEp,👍🏽 agreed,0,6 bulan yang lalu
@marz1267,WHO is we 😂✌️,0,6 bulan yang lalu
@HolaMiNombreEsLalito,Espera Que patos haces aquí?!,0,6 bulan yang lalu
@pvp-v3u,Yeah,0,6 bulan yang lalu
@M4dd0x23,WE LOVE CARLS MOM,0,6 bulan yang lalu
@TUDNBLOXcerrado,QUE ASES AQUI SACER XDDDD,0,6 bulan yang lalu
@Propropie,Yess,0,6 bulan yang lalu
@Propropie,Lol,0,6 bulan yang lalu
@Aswer-126,Of course we do,0,6 bulan yang lalu
@Aswer-126,Of course we do,0,6 bulan yang lalu
@Mistakengem3133,Yep😊,0,6 bulan yang lalu
@Angela-q6s2h,Sacercervantes?,0,6 bulan yang lalu
@ANDY_EDITS-ANDY,Sacer soy tu faaaaaan,0,6 bulan yang lalu
@DebbieBurford-q2x,Yes❤,0,6 bulan yang lalu
@marjonstoop,😂😂😂😂,0,6 bulan yang lalu
@huyentronn7722,8,0,6 bulan yang lalu
@MhonaDorado,Nah,0,6 bulan yang lalu
@Spin_Power,we love karl,0,6 bulan yang lalu
@Elinsano1220,Bro sacer que te pasa,0,6 bulan yang lalu
@abductions-k6j,2️⃣✈️,1,13 hari yang lalu
@Rachellpaypay,Lol,0,6 bulan yang lalu
@jackielourepuno-9012,Karl's mom Karl's mom Karl's mom,0,6 bulan yang lalu
@Limoncito_90,Hola Sacer soy tu fan 😅❤❤❤🎉🎉🎉,0,6 bulan yang lalu
@fqtnsaa,"$5000,000,0000,0000!?",0,6 bulan yang lalu
@Ostrobloxworld,YA,0,6 bulan yang lalu
@lekolo18,Yo wey,0,6 bulan yang lalu
@김치참치제육덮밥,958,0,6 bulan yang lalu
@김치참치제육덮밥,959,0,6 bulan yang lalu
@김치참치제육덮밥,960,0,6 bulan yang lalu
@김치참치제육덮밥,961,0,6 bulan yang lalu
@김치참치제육덮밥,962,0,6 bulan yang lalu
@董书富,Monuments,0,6 bulan yang lalu
@matiaspinon5937,Wow,0,6 bulan yang lalu
@خواطرفؤاد,SOS,0,6 bulan yang lalu
@julleification,True,0,6 bulan yang lalu
@ghostyeditzFC,yep,0,6 bulan yang lalu
@Chlebekgg,jes,0,6 bulan yang lalu
@ARHAMABBASABBAS-m3m,Yeah!!!🎉🎉🎉,0,6 bulan yang lalu
@Ch1charronud00,SACER????,0,5 bulan yang lalu
@abductions-k6j,2️⃣✈️,1,13 hari yang lalu
@Hudsonblx,Fr fr,0,5 bulan yang lalu
@IngridMarina-j9q6b,🤑🤑🤑🤑,0,5 bulan yang lalu
@MoosaAlikhanmp,Ye,0,4 bulan yang lalu
@AlejandroHuerta-mk6dw,Saceeeeer soy tu faaán,0,4 bulan yang lalu
@qashqatone85,Mi  COMPRI.,0,4 bulan yang lalu
@flos.7891,We love Karls mom,0,4 bulan yang lalu
@Deez-76,Yea boyy ur right,0,4 bulan yang lalu
@Jadejajayrajsinh-u9c,😂🎉,0,3 bulan yang lalu
@IsraeldanerMamanitinta,Love,0,2 bulan yang lalu
@sajana2011,But I even don't know her,0,1 bulan yang lalu
@Jackie1710-r2f,and nolans😭,0,1 bulan yang lalu
@RiderFlashGD,No,0,3 minggu yang lalu
@Nieladriaensen,True,"1,1 rb",2 tahun yang lalu
@trentynstokes9681, @Nieladriaensen   😮,1,2 tahun yang lalu
@yesicajimenez7491,​ @Nieladriaensen vb,0,2 tahun yang lalu (diedit)
@yesicajimenez7491,Y,0,2 tahun yang lalu
@darvinobando7766,Ven a Nicaragua,12,2 tahun yang lalu
@Legendbornprime, We_UTTP   you haters need to get a life,12,2 tahun yang lalu (diedit)
@Jtwhatnot,What about jimmy’s mom?,24,2 tahun yang lalu
@o7ar0,Yes,111,2 tahun yang lalu
@NotMadA47.1,We love Karl’s mom,171,2 tahun yang lalu
@gggg-ps1og,Это не смешно. Может быть обидно,11,2 tahun yang lalu
@RealSanes, @gggg-ps1og  это английское видео и тут говорят на английском,8,2 tahun yang lalu
@iradafirst, @gggg-ps1og  it is funny,5,1 tahun yang lalu (diedit)
@RealSanes, @gggg-ps1og  и это переводчики переводят и озвучивают на русском,3,2 tahun yang lalu
@abductions-k6j,2️⃣✈️,1,13 hari yang lalu
@forward.66,Fr fr,174,2 tahun yang lalu
@Pipxr_lxvxr, @forward.66 it says “ translate to English “ So weird.,0,2 tahun yang lalu (diedit)
@RyanSoltani,Yeah,61,2 tahun yang lalu
@NatureEucaleptuss,​ @RyanSoltani  bonjour,1,2 tahun yang lalu
@revival07-aul,You know what funny?            Ha now you can't undo it                                                                                                                                                                                                                                                                                                                                                                                                                                                                                                                                                                                                                                                                                                                                                                                                                                                                                                                                                                                                                                                                                                                                                                                                                                                                                                                                                                                          🎉 Congratulation,8,2 tahun yang lalu (diedit)
@robgotgame6106,Keep helping the community we love you Mr.Beast,36,2 tahun yang lalu
@darvinobando7766,Ven a Nicaragua,1,2 tahun yang lalu
@jeronimomancilla1910,Que hace tu aqui Y que fue ese comentario🤨🤨🤨,7,2 tahun yang lalu
@kevoo399,Me we dont,7,2 tahun yang lalu
@littlegremlin849,Yes LOL,351,2 tahun yang lalu
@heiyulam,​ @littlegremlin849 Are u okay?Why u are saying Lol😂,0,1 tahun yang lalu
@Icecreamzombie6, @littlegremlin849  no lol,0,11 bulan yang lalu
@alipersia9,🤨📸,6,2 tahun yang lalu
@SheillamaeDupaya,@alipersia9what do you mean by that?,0,6 bulan yang lalu
@IsaiDietz,Lol Karl’s mom is famous now,14,2 tahun yang lalu
@Tristanlochridge,🤨,27,2 tahun yang lalu
@angelalejandroriverolongar507,Que haces aquí,4,2 tahun yang lalu
@_Wildcard_,daniel give me coffee,4,2 tahun yang lalu
@godzzijuegos2656,Hola sacer que haces aquí XD  soy tu seguidor,4,2 tahun yang lalu (diedit)
@Flenix_CB, @godzzijuegos2656  x2,1,2 tahun yang lalu
@alexvenegas9634,who’s we💀,4,2 tahun yang lalu
@HuntsAlone,Two YouTubers in a row,10,2 tahun yang lalu
@ibrahimKD98,Who tf is we 💀,3,2 tahun yang lalu
@twistytwigger,no we dont,3,2 tahun yang lalu
@NatureEucaleptuss, @twistytwigger  bonjour,1,2 tahun yang lalu
@Sub2KarlsMom,Thank you ❤,3,2 tahun yang lalu
@TheChef_G,WE. LOVE. CARLS. MOM.,22,2 tahun yang lalu
@NatureEucaleptuss,​ @TheChef_G  bonjour,1,2 tahun yang lalu
@alabama--,yeah,27,2 tahun yang lalu
@AlSpohn,where?,2,2 tahun yang lalu
@Egg_14,true,2,2 tahun yang lalu (diedit)
@Mrzz7777,YESSIR,2,2 tahun yang lalu
@FreakyJoeBiden,No we dont,2,2 tahun yang lalu
@greatgamer5092,True,7,2 tahun yang lalu
@wee3987,Yes,7,2 tahun yang lalu
@dsdsd1,same,11,2 tahun yang lalu
@Vegito90-y9p,Hello mrbeast,1,2 tahun yang lalu
@christopherl1668,Yesir,5,2 tahun yang lalu
@abductions-k6j,2️⃣✈️,1,13 hari yang lalu
@Whatthesimga123,mickey,5,2 tahun yang lalu
@DespacitoTheSpider,💀🤨📸,5,2 tahun yang lalu
@BrexitGeaser,Yes,0,2 tahun yang lalu
@Fade_bot,That’s true we do,0,2 tahun yang lalu
@nat.lewis29,I love all moms😏,0,2 tahun yang lalu
@Erik3E,I love your mom,8,2 tahun yang lalu
@JKnightGaming, @Erik3E  yeah,0,2 tahun yang lalu (diedit)
@gooberfrend,so true,12,2 tahun yang lalu
@BobBadham-gi3go,damn straight,6,2 tahun yang lalu
@PoomanLore,Every last one of us.,2,2 tahun yang lalu
@Greeneon6073,Facts,2,2 tahun yang lalu
@jentebuijsen6157,Yeah we do,5,2 tahun yang lalu
@nb70783,Ayo,13,2 tahun yang lalu
@r.e.m.glinda,Yes,1,2 tahun yang lalu
@kronkus,FR,12,2 tahun yang lalu
